Siruta,Localitate,CA_capita
32768,Budesti,0.0
49153,Sahateni,114.83279364144833
57350,Cojocna,398.7137741704464
90119,Lunca Cernii De Jos,0.0
73736,Poiana Mare,267.42276346604217
147465,Bunesti,0.0
155662,Bara,1940.3219814241486
139287,Valea Vinului,206.28335832083957
114710,Oras Ludus,283.55128933318184
122908,Grumazesti,18.107142857142858
131103,Oras Breaza,193.66718358582847
40991,Fundata,0.0
98337,Plugari,2942.451923076923
8229,Vadu Motilor,0.0
16427,Dobresti,4.3466068424004485
32811,Caianu Mic,62.21061167747915
73772,Predesti,119.30167865707433
172082,Pausesti-Maglasi,2.4011961126339396
49206,Sapoca,18.118436406067676
24631,Poduri,1.4258373205741626
163903,Gagesti,1360.277666999003
106559,Municipiul Sighetu Marmatiei,6.654592819118813
139330,Vama,326.81489621489624
81987,Schela,1217.4293133294864
98373,Oras Podu Iloaiei,1081.1040326234709
147526,Cacica,0.0
16454,Domnesti,108.56558935361217
65609,Oras Fieni,11.059722948248824
122953,Hangu,0.0
41033,Halchiu,4774.141073657927
155724,Beba Veche,6895.925298179535
49233,Sarulesti,172.28319882611885
16472,Dragoslavele,0.0
139358,Vetis,68.60948164545287
90208,Luncoiu De Jos,0.0
57449,Cornesti,0.0
65645,Motaieni,0.0
155760,Becicherecu Mic,5885.564434617814
32884,Cetate,653.9823834196891
114809,Municipiul Reghin,1103.3830059889635
16506,Draganu,0.0
172153,Perisani,7.125991189427313
73852,Radovan,713.6331845238095
106620,Sarasau,0.0
163967,Gherghesti,0.0
82047,Slivilesti,0.0
147580,Calafindesti,76.29309188464119
41088,Harman,1786.5890698049332
139394,Viile Satu Mare,283.9763157894737
98435,Popesti,49.53041449847479
123013,Icusesti,240.59067464410975
24711,Racova,141.0
131210,Oras Busteni,0.0
65681,Oras Gaesti,162.07252704287762
90262,Martinesti,0.0
155797,Belint,575.9191996921893
41113,Harseni,62.53740593182824
106648,Vadu Izei,0.0
49313,Scortoasa,0.0
8354,Valea Lunga,22.923518164435947
16551,Godeni,4.623834886817576
114854,Oras Sovata,0.0
65707,Gura Foii,360.67297297297296
73905,Rast,722.1814866760168
147633,Oras Cajvana,0.0
131256,Municipiul Campina,23.56041411614414
32955,Ciceu-Giurgesti,396.4646721833227
106684,Oras Baia Sprie,20.404598911707918
24766,Racaciuni,297.01026375462465
73923,Robanesti,5038.4734088927635
155840,Bethausen,0.0
98505,Popricani,1301.630746953059
131274,Poiana Campina,0.0
57546,Dabaca,25.609688581314877
147660,Ilisesti,8.981768145854833
41177,Hoghiz,51.01894736842105
65752,Petresti,145.61853103325626
82136,Stanesti,212.04392649036308
164062,Garceni,0.0
123102,Ion Creanga,109.26445710340066
16613,Harsesti,1354.242782152231
90342,Orastioara De Sus,1142.5574606116775
8425,Vidra,109.60132689987937
114925,Municipiul Tarnaveni,129.5517358490566
57582,Feleacu,499.29872543813065
172279,Pesceana,0.0
33015,Chiochis,0.7653061224489796
106746,Oras Borsa,2.0500652588601453
147713,Carlibaba,0.0
24837,Rachitoasa,0.0
155911,Biled,2129.689306001482
131336,Oras Comarnic,0.0
73996,Sadova,49.88756583466911
16659,Hartiesti,0.0
114970,Acatari,165.74361105339705
49439,Scutelnici,4415.7773471145565
106782,Oras Cavnic,0.0
41248,Homorod,0.0
123175,Margineni,0.0
164133,Grivita,212.19429347826087
98603,Prisacani,4.608294930875576
57644,Fizesu Gherlii,743.2865147553231
74028,Salcuta,171.5027752081406
65841,Municipiul Moreni,37.01490937439096
172340,Pietrari,0.0
155957,Barna,0.0
90431,Pestisu Mic,0.0
106817,Oras Targu Lapus,0.0
82243,Stejari,0.0
41284,Jibert,0.0
147786,Cornu Luncii,0.0
49484,Siriu,0.0
65869,Iedera,0.0
131407,Oras Mizil,4210.19277400582
74073,Scaesti,332.05817835002387
98649,Probota,197.63281042275992
172377,Popesti,49.98947022046726
123228,Moldoveni,2492.6714219972387
33122,Chiuza,0.0
16739,Izvoru,913.1323328785812
164197,Hoceni,0.0
57706,Floresti,2272.1019777722545
131443,Oras Plopeni,0.0
16757,Leordeni,196.21026809181706
123255,Oniceni,0.0
98685,Raducaneni,436.80817474048445
74108,Seaca De Camp,15.750538793103448
65921,Oras Pucioasa,2.029348743588079
156035,Bogda,0.0
41346,Lisa,190.8253178551686
115076,Adamus,310.088932454108
131461,Dumbravesti,0.0
49545,Smeeni,1613.0310427968657
82314,Stoina,16.726997840172785
57742,Frata,279.19069767441863
74135,Seaca De Padure,1874.6851282051282
33177,Cosbuc,0.0
41382,Maierus,0.0
24999,Rosiori,23.248110831234257
90538,Pui,72.17274427302478
172457,Prundeni,0.1665859564164649
147884,Crucea,0.0
33202,Dumitra,6.2112598569594715
98738,Romanesti,2982.049568965517
164277,Dimitrie Cantemir,0.0
74171,Secu,54.34910122989593
139704,Municipiul Zalau,1719.1102394892423
156106,Boldur,2986.3596037898365
41417,Mandra,0.0
115147,Alunis,0.0
131540,Oras Sinaia,0.17097053726169845
98774,Ruginoasa,484.31768897149936
66009,Branesti,0.0
49625,Stalpu,3171.012787723785
82396,Telesti,0.0
139740,Oras Cehu Silvaniei,2562.8692962103637
172509,Racovita,0.0
33248,Feldru,1.114138623807132
106979,Oras Viseu De Sus,0.033735072368059
147937,Darmanesti,0.0
57831,Geaca,0.0
123371,Pastraveni,114.8815014720314
49643,Tisau,111.2499456639861
25068,Sascut,1368.7496765203543
115183,Apold,197.43947450735064
74224,Silistea Crucii,2124.3204081632653
164339,Iana,0.0
156151,Brestovat,1412.7442528735633
107001,Ardusat,5647.368306801736
33275,Galatii Bistritei,99.27496038034866
131577,Oras Slanic,186.1896987039219
41471,Moieciu,0.0
82430,Oras Tismana,2.9282310064479957
74242,Sopot,1370.1765042979944
98827,Schitu Duca,0.0
16908,Leresti,18.662068965517243
66081,Oras Titu,61.90039571469935
123424,Petricani,60.222385620915034
139811,Oras Jibou,44.412605533729
148006,Oras Dolhasca,22.28102921936328
115236,Atintis,577.992390615092
90663,Rapoltu Mare,35.57992939989914
107047,Arinis,150.18840579710144
131620,Oras Urlati,1873.6093347086128
172581,Roesti,0.0
164393,Ivanesti,12.423042505592841
57902,Gilau,1808.125919117647
16944,Lunca Corbului,1263.6757957068837
156213,Carpinis,4108.046836337929
33337,Ilva Mare,0.0
25148,Sanduleni,0.0
41541,Ormenis,0.0
107083,Asuaju De Sus,0.0
74322,Teasc,131.10755148741418
33364,Ilva Mica,0.0
123479,Piatra Soimului,94.38245857953888
57948,Garbau,18.017687661777394
156259,Cenad,2803.1312487142563
90725,Rachitova,0.0
98916,Scanteia,1108.129329403095
33382,Josenii Bargaului,0.0
49769,Topliceni,0.954639175257732
66152,Branistea,1035.2921643573818
41578,Parau,80.27727682596934
115307,Bahnea,328.1347953998395
139884,Oras Simleu Silvaniei,900.7175086107922
107118,Baita De Sub Codru,0.0
74359,Terpezita,5905.124035989717
156277,Cenei,2962.587342589603
8826,Vintu De Jos,1314.6140639269406
82555,Turburea,0.0
123521,Pipirig,0.0
148097,Dolhesti,7.744592129267657
25228,Saucesti,2207.9940981187756
107154,Baiut,85.56860321384426
41621,Poiana Marului,0.0
156311,Cheveresu Mare,0.19599109131403117
66198,Baleni,0.0
58008,Iara,22.257691361063255
172698,Rosiile,0.0
17049,Malureni,1.3177550149381134
33435,Lechinta,6564.232970898624
148131,Dorna-Arini,0.0
139937,Agrij,5.978107344632768
74411,Teslui,2004.8845155709344
66223,Barbuletu,0.0
90805,Ribita,0.0
98998,Scobinti,707.1026611009653
107190,Basesti,3186.1213626685594
82617,Oras Turceni,57.584945176789454
49849,Tintesti,801.6205908289242
115389,Band,2274.799269517577
164543,Ivesti,0.0
41667,Prejmer,393.0089397089397
156357,Oras Ciacova,1665.00186115764
25291,Scorteni,0.0
139982,Almasu,0.0
17101,Merisani,0.0
123601,Pangarati,25.6844113372093
107234,Bicaz,529.9287072243346
41701,Racos,0.0
49894,Ulmeni,1169.7050063371357
148202,Dorna Candrenilor,0.0
33514,Lesu,0.0
131817,Oras Valenii De Munte,0.45201056648077487
99058,Sinesti,0.0
164598,Laza,783.274328358209
82680,Tantareni,0.0
131835,Gura Vitioarei,0.0
90878,Rau De Mori,1501.2849196538937
33541,Livezile,7738.043324838267
107270,Bistra,0.0
41738,Recea,37.470443349753694
74509,Tuglui,0.0
172812,Runcu,63.97860962566845
25362,Secuieni,172.03336221837088
156437,Comlosu Mare,5499.594985358712
66330,Bezdead,0.0
123674,Podoleni,332.59875583203734
99101,Siretel,16.845697329376854
58142,Iclod,58.68386061439706
49956,Vadu Pasii,119.02007411982706
74536,Unirea,2995.3601795616582
82733,Urdari,0.0
107314,Barsana,0.0
140084,Babeni,73.72766749379653
17209,Micesti,102.44139273356402
131899,Adunati,0.0
9019,Cut,37.074862096138695
74554,Urzicuta,606.1689078386356
156473,Costeiu,233.4287933713102
123709,Poienari,0.0
115520,Batos,1929.2896405919662
9026,Bucerdea Granoasa,126.55153782211138
33603,Lunca Ilvei,1.1042852861851964
148293,Dornesti,703.6095041322315
164687,Lipovat,11623.465005931199
74581,Valea Stanciului,753.1466103251884
33621,Maieru,8.719852034525278
107350,Bocicoiu Mare,0.0
41818,Sercaia,22980.58686730506
82779,Vagiulesti,0.0
58204,Izvoru Crisului,0.0
99165,Stolniceni-Prajescu,176.0517335269559
172894,Salatrucel,0.0
131933,Albesti-Paleologu,9868.597563160723
66401,Bilciuresti,1237.9951272333515
17254,Mihaesti,4.610512569376429
50022,Valea Ramnicului,260.9940151381799
148328,Dragoiesti,289.46938775510205
140146,Balan,1554.116013495977
90994,Romos,3293.162340036563
156534,Criciova,0.0
115575,Bagaciu,228.92612543285878
74616,Vela,351.4599246906939
33658,Matei,0.0
41854,Sinca,0.4909983633387889
66438,Buciumeni,0.0
99209,Strunga,3101.3090582153295
107403,Bogdan Voda,0.0
82831,Vladimir,0.0
123790,Poiana Teiului,262.82829504232166
164749,Lunca Banului,3338.6420545746387
25488,Solont,754.5122282608696
115600,Bala,0.0
172947,Scundu,1.09375
58259,Jucu,305.22181060430654
50068,Valea Salciei,0.0
131988,Alunis,0.0
148382,Draguseni,0.0
107430,Boiu Mare,0.0
132011,Apostolache,791.1756885090218
66474,Bucsani,308.60031732294823
91054,Sarmizegetusa,0.0
156589,Curtea,0.0
25521,Stanisesti,262.05964172813486
140208,Banisor,0.0
115637,Balauseri,100.60221531286436
17334,Mioarele,0.0
50102,Vernesti,413.94550049445115
33729,Magura Ilvei,0.0
172992,Sinesti,0.0
41925,Sanpetru,6.282242666203784
58311,Luna,118.26946874333262
148426,Dumbraveni,1511.9019465727895
156623,Darova,16.660789001793187
82895,Oras Rovinari,0.0
74705,Verbita,0.0
140244,Benesat,17.887182910547395
41943,Soars,91.98699489084997
99290,Scheia,551.2149227110583
107485,Botiza,0.0
66526,Candesti,0.0
164829,Malusteni,0.0
33765,Mariselu,0.0
148453,Fantanele,62.81128119102537
132075,Aricestii Rahtivani,1156.718626968504
74732,Vartop,5274.783704572098
91116,Salasu De Sus,13.003901170351105
58357,Maguri-Racatau,0.0
17398,Mirosi,354.16342905405406
1017,Municipiul Alba Iulia,1326.6293095324636
140280,Bobota,741.3606803401701
115708,Beica De Jos,444.25652565256524
107519,Budesti,0.0
74750,Varvoru De Jos,284.569455406472
156669,Denta,3244.6732046820625
173061,Slatioara,3.5449970396684427
123914,Raucesti,952.1629853522437
17423,Moraresti,0.0
42003,Tarlungeni,1080.1688716790363
66580,Cobia,0.0
58393,Manastireni,0.0
107546,Calinesti,5.218354430379747
25629,Strugari,0.0
164892,Miclesti,0.0
148514,Forasti,0.0
140324,Bocsa,650.018411967779
156712,Dudestii Vechi,13342.841402714932
99370,Sipote,0.0
132137,Aricestii Zeletin,0.0
9262,Municipiul Arad,911.2549747425413
1071,Ciugud,149.4307743881998
50228,Vintila Voda,0.0
33845,Micestii De Campie,72.31657848324515
115771,Bichis,920.9675174013921
107582,Cernesti,239.90574775265594
9280,Fantanele,746.8345905172414
123969,Razboieni,190.53017802865827
132164,Baba Ana,35158.77501808536
42058,Teliu,33.97958725886048
164936,Muntenii De Jos,1094.308682424526
173132,Stanesti,0.0
17496,Mosoaia,710.1453844806446
33881,Milas,284.94314641744546
140379,Buciumi,49.56420084323496
74842,Catane,968.0904068307383
25692,Tamasi,17.41373750403096
42076,Ticusu,0.0
156767,Dumbrava,826.9132781576106
58464,Margau,0.0
91232,Santamaria-Orlea,145.3428303068253
74859,Carcea,4434.820546163849
99441,Tansa,0.0
115824,Bogata,96.6890843248836
74867,Carna,0.0
9333,Livada,1276.6421991940126
42101,Ucea,4715.034322033898
164981,Oras Murgeni,1710.088827286971
74875,Cotofenii Din Fata,110.68813387423936
124028,Rediu,0.7270553614125437
1151,Oras Abrud,15.61454743333938
132226,Balta Doamnei,3435.9176765566235
74883,Dobrotesti,0.0
156801,Oras Faget,199.7962547804299
148612,Oras Frasin,25.368801808590806
66697,Cojasca,449.1652667691944
74891,Galiciuica,14.619047619047619
115851,Breaza,861.614562722596
107662,Cicarlau,0.0
9360,Sofronea,365.4318429661941
25745,Tatarasti,0.0
50326,Viperesti,0.0
99478,Tatarusi,0.0
74907,Ghidici,1371.0904920767307
140440,Camar,4080.354876615746
33952,Monor,9499.235749472202
74915,Ghindeni,81.18302094818081
58534,Marisel,0.0
17575,Mozaceni,62.72735760971055
124073,Romani,596.9433348815606
66731,Comisani,465.30568948891033
74923,Intorsura,0.0
42156,Ungra,0.0
173230,Stoenesti,0.0
132271,Baltesti,7.169173924518343
74931,Plesoi,0.0
9397,Vladimirescu,3140.3788322292403
58552,Mintiu Gherlii,0.0
115897,Brancovenesti,0.0
148667,Fratautii Noi,11.706372132540357
83133,Municipiul Odorheiu Secuiesc,38.10655610261726
1213,Municipiul Aiud,417.2392659016643
140477,Carastelec,3954.003770028275
107715,Campulung La Tisa,0.0
91330,Soimus,0.0
74949,Rojiste,264.6267922982384
33989,Nimigea,0.0
42183,Vama Buzaului,0.0
74956,Talpas,0.0
83151,Bradesti,0.0
165069,Oltenesti,225.3999262808699
66768,Contesti,9236.229311141933
99539,Todiresti,520.6304836895388
17619,Musatesti,8.241042345276872
107733,Copalnic-Manastur,0.0
124117,Oras Roznov,6104.378619153675
148694,Fratautii Vechi,0.0
140501,Chiesd,3219.0903151421985
132315,Banesti,367.0076214108472
50399,Valcelele,20198.17001338688
25825,Targu Trotus,38.32020997375328
50415,Zarnesti,3125.883766745469
9459,Oras Chisineu-Cris,3633.332345620481
132342,Bertea,0.0
115959,Ceuasu De Campie,22.87633262260128
124153,Sagna,993.7346326836582
148729,Frumosu,180.7737414187643
42236,Vistea,1985.9855920756415
83197,Feliceni,212.58890554722637
156927,Fardea,0.0
58623,Mociu,1167.8992805755395
140547,Cizer,0.872093023255814
25861,Traian,4472.446372239748
165130,Osesti,0.0
99600,Trifesti,3561.8758104738154
9495,Oras Curtici,1693.4550252409363
132379,Boldesti-Gradistea,245.55073280721533
34075,Nuseni,0.0
148765,Fundu Moldovei,9.834320987654321
140583,Coseiu,0.0
66857,Corbii Mari,1262.5904301475146
50479,Ziduri,6675.264964987577
124206,Sabaoani,2264.057721391363
91447,Tomesti,0.0
132404,Brebu,0.0
173374,Stoilesti,0.0
17726,Negrasi,3847.536883243771
9538,Oras Ineu,513.8952092683436
42307,Voila,738.9695431472081
165185,Padureni,26.497420781134856
1348,Municipiul Blaj,791.2508335714966
124233,Secuieni,7913.926896977175
25932,Ungureni,110.20495150587034
157004,Foeni,9777.940066592675
116046,Chetani,1195.9958063286313
140627,Crasna,40.469651889318655
99673,Tibana,0.0
75098,Municipiul Galati,651.1921112241884
107868,Coroieni,0.0
58721,Moldovenesti,1332.2221189591078
157031,Gavojdia,16.850372376438727
9574,Oras Lipova,212.41374166374166
132459,Calugareni,0.0
17771,Nucsoara,0.0
34155,Parva,0.0
75114,Sendreni,1655.5471614755909
50549,Unguriu,138.51324359531046
83320,Municipiul Miercurea Ciuc,281.5902444813672
34173,Petru Rares,0.0
140672,Creaca,16.178224937118216
50564,Florica,11560.928941524797
132486,Carbunesti,0.0
66955,Cornatelu,14652.148667601683
148872,Galanesti,244.39074009119608
91535,Toplita,0.0
75150,Vanatori,1393.663943161634
107920,Cupseni,0.0
165274,Perieni,515.6695118698319
9627,Oras Nadlac,264.9728817795551
132510,Ceptura,417.4634093844167
157086,Oras Gataia,9465.399168719212
42398,Vulcan,4151.631915318554
116126,Chiheru De Jos,224.48405612244898
17824,Oarja,115.95802469135802
58794,Palatca,46.031138790035584
124331,Stanita,0.0
26029,Urechesti,18.92405735528412
83375,Pauleni-Ciuc,136.90582726326744
1455,Oras Campeni,0.0
9654,Oras Pancota,1540.3411272458775
148916,Gramesti,0.0
17851,Pietrosani,0.0
34235,Prundu Bargaului,0.09666924864446166
75203,Municipiul Tecuci,576.8033064392024
99780,Tibanesti,475.8040939193257
107975,Desesti,0.0
67014,Cornesti,10.15639961698053
116171,Coroisanmartin,0.0
42449,Sinca Noua,18.42794486215539
75221,Draganesti,599.1352905569007
34262,Rebra,0.0
42456,Crizbav,19039.051612903226
9690,Oras Sebis,942.3815360744763
165336,Poienesti,10.341056218057922
132574,Cerasu,0.0
173533,Stroesti,0.0
42464,Sambata De Sus,156.62213490504257
140770,Cristolt,0.0
26083,Valea Seaca,234.84581700852732
83428,Oras Baile Tusnad,0.0
34280,Rebrisoara,0.0
42472,Holbav,0.0
58856,Panticeu,0.0
148970,Granicesti,512.9668615984406
91624,Totesti,158.44648478488983
42480,Dragus,3603.140653357532
108017,Oras Dragomiresti,0.0
17913,Poienarii De Arges,0.0
124411,Stefan Cel Mare,5063.317556763671
75258,Munteni,1742.0082188262488
116224,Cozma,0.0
42498,Augustin,0.0
108035,Dumbravita,530.9785268990995
26118,Vultureni,1125.130890052356
83464,Oras Balan,0.0
157193,Ghizela,156.85156912637828
9743,Almas,136.17866666666666
140823,Criseni,3142.64886996397
34333,Rodna,32.494340207784155
173597,Sutesti,9.215568862275449
83491,Oras Borsec,0.0
58918,Petrestii De Jos,504.6859182349124
99879,Tiganasi,4586.419629860678
132645,Chiojdeanca,1002.6662476429918
91688,Turdas,211.36892278360344
165416,Pogana,1651.3234501347708
17968,Poienarii De Muscel,0.0
67121,Costestii Din Vale,351.0031029619182
34360,Romuli,150.9777530589544
149049,Horodniceni,70.74064026044492
157246,Giarmata,2861.6254500138466
116288,Craciunesti,250.55453501722158
83525,Oras Cristuru Secuiesc,644.1351726691973
9798,Apateu,0.0
140869,Cuzaplac,0.0
75338,Oras Beresti,326.8172737955347
108106,Farcasa,1.3719387755102042
132681,Ciorani,3.6772330025181454
124493,Tarcau,0.0
91731,General Berthelot,0.0
99922,Tutora,16.387366465397122
157273,Giera,60415.28923920493
165470,Puiesti,37.73137333870318
34397,Salva,67.2253620628753
75356,Beresti-Meria,213.86401456058243
67167,Crangurile,428.3799709724238
50790,Municipiul Resita,130.6543509417354
9832,Archis,0.0
83561,Municipiul Gheorgheni,798.610653487095
18028,Poiana Lacului,68.63008442056793
58990,Ploscos,98.61304347826086
132716,Cocorastii Mislii,1.8940514945250073
149101,Horodnic De Jos,0.0
173686,Sirineasa,0.0
116340,Craiesti,42927.34840132304
34422,Silivasu De Campie,0.0
108151,Giulesti,0.0
99968,Valea Seaca,314.1502590673575
157317,Giulvaz,7683.983835871931
149138,Iacobeni,0.0
91795,Vata De Jos,0.0
124563,Tasca,63.11975591151793
132752,Colceag,331.2551724137931
140958,Dobrin,720.6374478234943
9887,Bata,559.5061378659112
1696,Oras Cugir,5.327181709503885
59041,Poieni,31.41072842438638
100004,Victoria,2568.4788266431406
116395,Cucerdea,493.95544554455444
34477,Sanmihaiu De Campie,1650.0457746478874
108204,Ieud,19.77979981801638
157362,Jamu Mare,5473.411421155094
26289,Zemes,0.0
83632,Municipiul Toplita,11.678843037027802
173748,Stefanesti,199.74188609920392
67256,Darmanesti,108.39218494271685
42682,Municipiul Braila,2974.7504686780667
149183,Izvoarele Sucevei,0.0
108222,Lapus,0.0
132805,Cornu,0.0
50889,Oras Anina,0.0
124616,Tazlau,45.60597439544808
9930,Beliu,0.19834710743801653
26320,Sarata,640.3123595505618
75472,Oras Targu Bujor,721.9665990534145
108240,Leordina,0.0
42708,Chiscani,9148.227861211808
116439,Cuci,636.2849218356026
124634,Tamaseni,203.72743755036262
67292,Dobra,1641.3207599118944
141027,Dragu,0.0
26338,Buciumi,0.0
173793,Susani,0.0
149227,Oras Liteni,34.08350226855874
165611,Pungesti,48.30082987551867
26346,Gioseni,0.0
50923,Oras Baile Herculane,0.0
132841,Cosminele,0.0
108268,Miresu Mare,1105.164138790775
26353,Odobesti,0.0
18162,Popesti,1001.2125124131082
157424,Jebel,480.50319888734356
34547,Spermezeu,131.06039735099338
124661,Timisesti,635.9778265107212
100086,Vanatori,315.5162592986185
26361,Prajesti,0.0
59130,Recea-Cristur,166.21666666666667
75515,Barcea,85.177808727948
67327,Dragodana,1303.4159331642547
42753,Oras Faurei,362.39057899901866
1794,Oras Ocna Mures,81.15319991803838
157451,Lenauheim,4410.986211219054
26379,Itesti,3080.5383589059375
116493,Danes,275.14020329477745
42771,Surdila-Greci,20897.678736010534
10006,Birchis,679.5198517734251
75542,Balabanesti,528.6036821705426
50969,Oras Bocsa,4103.952974947808
141081,Fildu De Jos,0.0
173855,Tetoiu,0.0
91937,Valisoara,0.0
132896,Drajna,0.0
83749,Oras Vlahita,0.06536802196365538
149290,Marginea,34.76313172407558
50987,Ocna De Fier,0.0
124723,Trifesti,2588.1185068141417
100148,Vladeni,3706.4582581227437
34618,Sant,0.0
157497,Liebling,3666.7386503067482
108348,Moisei,0.0
116545,Deda,0.0
18242,Priboieni,0.0
51010,Municipiul Caransebes,141.05876764831132
10051,Barsa,13.854961832061068
149316,Malini,0.0
42824,Baraganul,5013.152160300564
83785,Atid,75.77626016260163
141134,Galgau,18.79843363561418
67407,Dragomiresti,0.0
91982,Vetel,49522.32432432433
108366,Oarta De Jos,5773.736263736264
124750,Tupilati,88.48246013667426
1874,Municipiul Sebes,263.20026419267634
34645,Sieu,6.415497661990648
165719,Rebricea,0.0
157530,Lovrin,2578.9486997635936
42842,Bertestii De Jos,2067.4220654265555
75613,Balasesti,15.052765957446809
59238,Risca,132.1091030789826
173935,Tomsani,0.0
116590,Eremitu,1.773004637539663
51056,Oras Moldova Noua,201.84852507374632
108400,Ocna Sugatag,0.0
10104,Barzava,116.09398348407393
149370,Manastirea Humorului,0.0
100219,Voinesti,267.6527915019763
34690,Sieu-Magherus,173.95679964734407
124803,Tibucani,0.0
83847,Avramesti,145.25709156193895
67470,Finta,589.5449505905037
1936,Oras Zlatna,92.57411587659895
59283,Sacuieu,20.400267737617135
157585,Margina,108.88533916849015
75668,Baleni,0.0
133018,Draganesti,1892.3639532499487
18331,Ratesti,360.085182767624
42913,Bordei Verde,3068.8234421364987
149414,Moara,1096.3003966822935
108455,Petrova,0.0
75686,Baneasa,0.0
116652,Ernei,300.9670016750419
51118,Oras Oravita,2092.2011077015195
100273,Bals,133.47808219178083
124849,Urecheni,65.85084337349397
141232,Garbou,0.0
108473,Poienile De Sub Munte,0.0
100282,Costesti,0.0
165817,Rosiesti,16839.57907617008
75711,Branistea,0.0
59327,Savadisla,19.157088122605366
92097,Vorta,0.0
67522,Glodeni,0.0
26564,Municipiul Oradea,443.13084586044425
174021,Vaideeni,10.738966900702106
108491,Remetea Chioarului,0.0
34770,Sieu-Odorhei,0.0
10195,Bocsig,497.26118963486454
124885,Valea Ursului,0.0
100308,Draguseni,0.0
26582,Sanmartin,9382.139541335306
42968,Ciocile,1826.6589353612167
100317,Fantanele,137.68690702087287
133090,Dumbrava,813.4870362092088
83936,Bilbor,0.0
100326,Harmanesti,4.122195512820513
18411,Recea,0.0
100335,Rachiteni,490.58301831927884
157683,Masloc,2663.7524232633277
116723,Faragau,1400.1846950517836
75766,Brahasesti,14.657358336730534
100344,Roscani,1840.1622835150738
83963,Capalnita,0.0
149502,Moldova-Sulita,49.111807228915666
10239,Brazii,0.0
100353,Valea Lupului,859.1003556517705
141312,Halmasd,0.0
51207,Oras Otelu Rosu,13.4420638046475
174085,Valea Mare,8.944954128440367
108552,Remeti,0.0
165899,Solesti,342.0177221787855
67595,Gura Ocnitei,32.15577133479212
43019,Ciresu,4909.761010362694
100362,Ciohorani,431.85538005923
124938,Alexandru Cel Bun,0.27334437086092717
83981,Ciucsangeorgiu,12.886237072394591
92177,Zam,0.0
59416,Sic,0.0
26653,Santandrei,24170.753580160672
149539,Moldovita,163.56244060064626
34850,Sieut,252.60694077706526
59434,Sancraiu,916.9128498727736
75819,Buciumeni,290.6832614660917
157736,Manastiur,0.0
18475,Rociu,1867.0039936102237
51243,Armenis,0.0
133161,Filipestii De Padure,18.311165923536667
10293,Buteni,0.7924860581156442
108598,Repedea,0.0
116796,Fantanele,994.4298933816134
43073,Dudesti,2044.1178045515394
67648,Gura Sutii,123.34698795180722
141376,Hereclean,75.69388290889998
108614,Rona De Jos,0.0
26699,Oras Alesd,416.26007261135214
174156,Vladesti,0.0
2130,Albac,0.0
149584,Musenita,1413.7452431289641
34903,Sintereag,156.16249319542732
157781,Moravita,269.2702104097453
75864,Cavadinesti,550.372375328084
108632,Rona De Sus,0.0
125016,Vanatori-Neamt,127.28049060064191
165979,Stanilesti,4.9506991753316605
67675,Hulubesti,0.0
133214,Filipestii De Targ,117.61724096530196
18527,Rucar,0.0
51305,Bania,0.0
10346,Carand,226.6448275862069
59498,Sanmartin,30.921965317919074
43117,Frecatei,0.0
26742,Astileu,2.149959688255845
84086,Ciumani,0.0
18554,Salatrucu,0.0
108669,Rozavlea,0.0
116867,Galesti,1019.5961759082218
51332,Bautar,0.0
125061,Zanesti,4937.550708123067
10373,Cermei,330.4905109489051
141447,Hida,0.0
84102,Carta,1039.2986685858223
157834,Mosnita Noua,1298.924714019686
174218,Voicesti,68.36992385786802
75917,Certesti,1553.2060782681099
18581,Sapata,0.0
149655,Ostra,158.96568010075566
67737,I. L. Caragiale,66.90014684287812
108696,Ruscova,0.0
133278,Fantanele,0.0
100521,Municipiul Giurgiu,1225.145474278272
34985,Teaca,200.52354241033487
108712,Satulung,509.1922752572103
125098,Dochia,3760.4039890496674
166057,Stefan Cel Mare,791.8539229671898
43180,Galbenu,563.683612251342
174254,Voineasa,0.0
75953,Corod,3248.9437201497353
125105,Ruginoasa,621.5970772442589
149682,Panaci,585.9019180470793
10417,Chisindia,0.0
26804,Municipiul Beius,2.091138799337806
84148,Corbu,0.0
51387,Berliste,15759.953895071541
125114,Ghindaoani,0.0
67773,Lucieni,0.0
59586,Sanpaul,1193.5103387593488
125123,Valeni,718.694209499024
100549,Slobozia,4094.921815889029
157898,Nadrag,0.0
116938,Ganesti,2154.1664377918155
125132,Draganesti,0.0
84175,Corund,2.932299662265889
133330,Floresti,45.29782112997213
174290,Zatreni,146.2609630266552
125141,Pancesti,0.0
10453,Conop,1289.6144736842105
26840,Oras Stei,460.29741727199354
141535,Horoatu Crasnei,0.0
125150,Gadinti,707.6509851226377
100576,Oras Buftea,436.76623141914786
157923,Nitchidorf,0.0
76004,Corni,2101.0017841213203
43242,Gemenele,1787.6164309031556
18670,Schitu Golesti,0.0
35054,Telciu,0.0
125169,Negresti,12.848305540613232
116983,Gheorghe Doja,252.1192439862543
51449,Berzasca,0.0
67835,Ludesti,0.0
108794,Sacalaseni,2382.49127399651
125178,Boghicea,65.23995451099317
149753,Paltinoasa,0.0
166137,Suletea,203.66834804539724
26877,Municipiul Marghita,858.6397655051501
100610,Municipiul Oltenita,4632.296534199195
2309,Almasu Mare,0.0
59657,Suatu,0.0
76040,Cosmesti,175.90872721884725
84237,Danesti,0.0
141580,Ileanda,65.47697368421052
43279,Gradistea,104.90888689407541
133394,Fulga,408.69534598897735
10514,Covasint,0.0
35090,Tiha Bargaului,18.966887417218544
157969,Ohaba Lunga,0.0
149780,Partestii De Jos,0.0
100638,Mitreni,66.63500356209926
10532,Craiva,51.125302036589574
166182,Tanacu,146.1405197305101
26920,Oras Nucet,0.0
84264,Dealu,213.3324403312226
51500,Berzovia,1777.7071065989849
59693,Tritenii De Jos,0.0
43313,Gropeni,26170.306588579795
117042,Ghindari,1000.1890297847243
18741,Slobozia,33729.59312801173
133429,Gherghita,7393.585292646323
158010,Ortisoara,7632.853037230569
43331,Oras Ianca,4483.266029398503
67906,Lunguletu,0.0
100683,Municipiul Urziceni,3736.1189646305925
108874,Sacel,0.0
149833,Patrauti,317.9622746701357
2381,Arieseni,0.0
76111,Costache Negri,1279.0924583031183
35152,Tarlisua,0.0
149851,Poiana Stampei,0.0
166235,Tacuta,100.28237037037037
18778,Stalpeni,0.0
51546,Bolvasnita,0.0
108892,Oras Salistea De Sus,0.0
26975,Municipiul Salonta,1506.357919694861
100709,Ciocarlia,8765.04609475032
67942,Malu Cu Flori,4.792010421189753
76139,Cuca,2061.8616130453943
158065,Peciu Nou,3518.3588395285583
59764,Tureni,246.765548098434
51573,Bozovici,206.20013231888854
108918,Salsig,0.0
117113,Glodeni,0.0
84344,Ditrau,117.22259867863798
76157,Cudalbi,689.2536726128017
27007,Oras Vascau,2.9724166323589953
100736,Manasia,0.0
133508,Gorgota,4063.3281523217406
76175,Draguseni,0.0
108945,Sapanta,0.0
43411,Oras Insuratei,4414.4505047672465
100754,Adancata,123.57437348423605
92569,Municipiul Calarasi,2823.022679616646
141722,Ip,986.9389373513085
10649,Dezna,0.0
84380,Darjiu,64.27221702525725
158109,Periam,4371.821025539497
108963,Oras Seini,4237.492868297762
125347,Municipiul Slatina,680.4791767640348
174496,Titesti,0.0
68002,Manesti,112.37574247940218
174502,Diculesti,189.57025218733918
149931,Pojorata,59.919188560026605
166315,Tatarani,557.0973094170404
18858,Stoenesti,56.0853711790393
92587,Modelu,403.87870492731736
51626,Brebu,0.0
100781,Adunatii-Copaceni,5237.7724609375
174511,Lacusteni,0.0
59826,Taga,1425.728720483251
117177,Gornesti,76.61307759372275
133562,Gornet,0.0
158136,Pietroasa,0.0
174520,Mitrofani,0.0
27070,Abram,3011.546302250804
84415,Frumoasa,0.0
125374,Slatioara,258.4570489108097
35269,Uriu,49.194885598923285
43466,Jirlau,367.40718933994424
109005,Stramtura,0.0
10701,Dieci,39.395973154362416
51662,Brebu Nou,0.0
68048,Matasaru,6.885120975423891
149968,Preutesti,45.80275551806552
141786,Letca,89.03423522915516
76255,Fartanesti,461.3746408733959
100834,Afumati,1232.8447448206164
43493,Marasu,0.0
158181,Pischia,5.810983397190293
59880,Unguras,0.0
125418,Oras Bals,38.45506466534504
84460,Galautas,0.0
133615,Gornet-Cricov,1521.904278782532
35312,Urmenis,15.512282497441147
109041,Suciu De Sus,0.0
51699,Buchin,0.0
92658,Municipiul Slobozia,5637.247773782405
100852,Alexeni,50.758649437265525
18938,Stolnici,3541.485322896282
76282,Foltesti,2347.921733895244
100870,Armasesti,3143.6319176319175
10765,Ususau,31.195774647887323
166413,Todiresti,472.8358653559726
2577,Avram Iancu,0.0
150043,Putna,12.264713441274736
117275,Grebenisu De Campie,628.2915951972556
76317,Frumusita,3288.1343738787227
92701,Municipiul Fetesti,3330.1432385341727
27169,Abramut,0.0
68128,Mogosani,0.0
125472,Municipiul Caracal,233.7354677565849
158243,Racovita,631.8432320441989
59942,Vad,2.517275419545903
51751,Bucosnita,0.0
109096,Sisesti,0.0
43563,Maxineni,6789.458799885157
125490,Draghiceni,2380.981491867639
150070,Radaseni,37.80349964530622
100923,Axintele,3116.1030800821354
133688,Gura Vadului,7884.31369073992
141884,Lozna,0.0
19007,Suseni,2489.335833061624
76353,Fundeni,129.9288820670248
117319,Gurghiu,4410.819453376206
10827,Felnac,2363.6236080178173
27212,Auseu,63.420523138833
84558,Joseni,6.80905815748842
68182,Moroeni,0.0
133722,Iordacheanu,50.87413760954689
51804,Carasova,0.0
92765,Oras Tandarei,1708.2710098870057
150114,Rasca,0.0
35429,Zagra,0.0
125542,Oras Corabia,1235.5594612352168
100969,Balotesti,185.7612825166364
158314,Oras Recas,3015.9910751784964
43625,Mircea Voda,9335.165712564025
92783,Albesti,903.5195007800312
84594,Lazarea,929.9096971380939
76406,Ghidigeni,1049.7023878858474
10872,Ghioroc,496.3420666013712
141946,Marca,320.12178072111845
109176,Oras Somcuta Mare,237.56732091511438
60026,Valea Ierii,0.0
51840,Carbunari,0.0
166529,Tutova,3159.42864489586
43652,Movila Miresii,3853.7157071783936
101001,Baneasa,1346.53807514567
84629,Lueta,0.0
27285,Avram Iancu,3251.4060606060607
125588,Garcov,77.27667650780262
174744,Municipiul Focsani,3981.956326608379
68253,Morteni,769.5547728073266
60062,Viisoara,1874.075512585431
150178,Sadova,101.77312599681021
133795,Izvoarele,42.5068800478612
10916,Graniceri,1304.072691552063
51877,Constantin Daicoviciu,286.712441735389
92836,Oras Amara,4906.236565858535
19114,Stefan Cel Mare,270.76701902748414
84656,Lunca De Jos,0.0
43698,Racovita,0.0
117426,Hodac,0.8719240457275722
142006,Maeriste,454.5872483221477
150196,Satu Mare,0.0
125622,Oras Draganesti-Olt,276.95692665890573
68280,Nucet,290.98809801633604
158396,Remetea Mare,371.3478429848426
174780,Campineanca,52.01221640488656
10943,Gurahont,12.92974358974359
27329,Balc,388.7910805148159
101056,Barcanesti,518.7871696035243
60099,Vultureni,0.0
19141,Suici,0.0
92872,Andrasesti,4225.12841163311
150221,Siminicea,67.01512605042016
76497,Gohor,1061.800058719906
109265,Oras Ulmeni,194.6566551997883
43732,Ramnicelu,4148.957656326933
101083,Belciugatele,14320.081357508136
125659,Babiciu,2622.4849354375897
68324,Ocnita,0.0
133866,Jugureni,368.7462962962963
92907,Balaciu,19976.118259803923
174824,Golesti,40685.52251655629
51948,Ciclova Romana,0.0
125677,Baldovinesti,403.24134705332085
166636,Valeni,57.35006918363313
150258,Slatina,14.80878414568827
158449,Sacosu Turcesc,1262.4506818902632
27383,Batar,2980.66654854713
68342,Odobesti,278.2678151918559
142079,Mesesenii De Jos,0.0
117505,Hodosa,352.8679706601467
60169,Negreni,612.772670288341
43787,Romanu,11439.947826086956
19212,Teiu,0.0
174860,Municipiul Adjud,15.40302720591814
76558,Grivita,783.7897609147609
51984,Ciuchici,0.0
166672,Vetrisoaia,2193.1058565612275
84754,Lunca De Sus,0.0
150294,Straja,0.0
101145,Berceni,76.2776729020079
133919,Lapos,0.0
92961,Borcea,7582.488896934588
43812,Rosiori,2890.3407923697728
150310,Stroiesti,97.42520858164481
76585,Independenta,13.14324607329843
142122,Mirsid,2046.8633153302867
101163,Bolintin-Deal,94.51963601532567
109354,Valea Chioarului,64.41049085659287
27436,Biharia,56301.152511826986
117550,Ibanesti,0.0
19249,Tigveni,61.86981402002861
166707,Viisoara,1328.337919647771
11058,Halmagiu,171.16052060737528
68404,Pietrosita,2215.843554443054
76601,Ivesti,6.984123872990984
92989,Bordusani,1582.210044773214
125757,Barasti,21.029731689630168
158528,Satchinez,2591.562139590376
52035,Ciudanovita,0.0
101190,Oras Bolintin-Vale,323.04133556900194
174922,Oras Marasesti,0.0
68431,Poiana,0.0
133964,Lipanesti,100.82174078297226
150356,Stulpicani,0.0
84825,Lupeni,474.1687646682313
43867,Salcia Tudor,434.3643351268255
93021,Bucu,5359.578947368421
52062,Copacele,85.48855633802818
76638,Jorasti,3554.9799566630554
2915,Oras Baia De Aries,0.0
142177,Napradea,203.10705244122965
158564,Sacalaz,11832.85204847086
109425,Vima Mica,0.0
166770,Vinderei,903.1041168022978
27506,Boianu Mare,1753.2725225225224
68468,Potlogi,335.835409252669
101243,Brazii,5555.948376353039
134014,Magurele,0.20753917831427363
76674,Liesti,1446.9893432917388
19338,Titesti,0.6354065119906415
93067,Oras Cazanesti,4372.853794642857
150418,Sucevita,3.2300661834226285
158608,Secas,5065.617021276596
35731,Municipiul Botosani,1078.3830421536677
52115,Cornea,12.804187889077532
76692,Matca,3007.2512358475524
125846,Barza,10.561596958174905
43929,Scortaru Nou,8103.1231563421825
93085,Ciocanesti,9767.090533980583
142239,Nusfalau,267.6061146496815
134050,Magureni,5.756358560794045
117667,Iclanzel,71.24300373134328
11174,Halmagel,0.0
27560,Borod,6.81388958281289
175019,Oras Odobesti,1274.7849518084777
2988,Berghin,1504.0675741370928
93101,Ciochina,10271.089510050251
35759,Curtesti,43.94706537890045
76718,Mastacani,159.06941689805632
150445,Saru Dornei,3.4099056603773583
68529,Produlesti,180.8738344988345
125873,Bobicesti,0.0
101298,Branesti,490.71552684339497
84923,Martinis,3.3469945355191255
158653,Sanandrei,4360.825368990209
19392,Uda,0.0
52160,Cornereva,0.12204989885367498
109504,Viseu De Jos,0.0
76745,Movileni,0.0
175055,Oras Panciu,412.1897794513179
142284,Pericei,0.0
134096,Maneciu,31.717429989697482
68565,Pucheni,0.0
166869,Voinesti,544.0278256587047
43992,Silistea,3540.884328358209
76763,Namoloasa,0.0
101341,Brezoaele,140.0811561978877
3039,Bistra,0.0
11236,Hasmas,0.0
93156,Ciulnita,3484.1218925421013
158699,Sanmihaiu Roman,290.7120829828988
27631,Bors,749.0076793856491
150524,Todiresti,348.1268156424581
35839,Rachiti,4966.559983566146
60419,Municipiul Constanta,1884.8924503261273
101378,Bucsani,1082.6836002208724
142337,Plopis,0.0
76807,Nicoresti,735.0771657364718
125962,Brastavatu,46.50847457627118
158733,Sanpetru Mare,382.7580240022328
68627,Oras Racari,26.446351931330472
175126,Andreiasu De Jos,0.0
117783,Ideciu De Jos,554.4429309534993
93209,Cocora,21716.475340535464
44060,Stancuta,13015.770941652225
27686,Bratca,0.0
60455,Oras Eforie,741.4936282541416
142373,Poiana Blenchii,0.0
11307,Ignesti,209.41747572815535
35884,Stauceni,225.94227597581087
125999,Brebeni,5875.839132061355
134194,Manesti,740.8200352378556
93236,Cosambesti,5931.194264069264
158779,Sag,4094.30691898285
150588,Udesti,14.342659974905898
85056,Meresti,45.22287390029326
60482,Municipiul Mangalia,437.27949428226435
117827,Oras Iernut,3787.6100255754477
126022,Brancoveni,852.0254365983295
166985,Vulturesti,22.763963963963963
44113,Surdila-Gaiseanca,0.0
101458,Oras Budesti,2469.8622383044712
85074,Mihaileni,54.91025173294418
158804,Stiuca,2333.7209411764707
11352,Iratosu,21955.616738365272
142426,Romanasi,385.14618576444303
60507,Oras Navodari,386.51488259420046
93281,Cuza Voda,4034.7504424778763
175206,Balesti,1248.685129740519
19560,Ungheni,53.205357142857146
35946,Oras Darabani,269.9284709193246
44140,Sutesti,421.7756889553514
27757,Brusturi,14.041734860883796
68716,Runcu,0.0
60534,Oras Techirghiol,79.15118870728084
167035,Vutcani,65.00548354935195
175224,Barsesti,0.0
126077,Bucinisu,3584.466058763931
76932,Oancea,2985.762341325811
11398,Macea,122.3483114708345
85127,Mugeni,0.0
158859,Teremia Mare,1215.6285418821096
93325,Dichiseni,6592.593959731544
101519,Bulbucata,0.0
44177,Tichilesti,14624.271058315335
126102,Cezieni,1551.4982394366198
60570,Agigea,7060.224770064256
167071,Zapodeni,193.31496474275266
175260,Boghesti,39.98935504070131
11423,Misca,194.48613678373383
142499,Rus,6.692804428044281
117925,Livezeni,14.935168195718655
36006,Municipiul Dorohoi,867.9553619858971
76969,Pechea,94.29067111735769
44202,Traian,24542.4046635183
150702,Ulma,0.0
158895,Tomesti,0.0
19631,Valea Danului,30.576158940397352
68789,Salcioara,99.56810631229236
60598,23 August,283.1988527724665
93370,Dor Marunt,2902.7410779850197
101564,Butimanu,598.8379912663755
134336,Pacureti,0.0
76996,Piscu,2700.1372031662268
126148,Cilieni,710.3015774822146
27846,Budureasa,0.0
109773,Municipiul Drobeta-Turnu Severin,178.58847170327167
142550,Salatig,2322.60561838745
11478,Moneasa,0.0
126166,Carlogani,2205.5404599659287
60632,Limanu,148.62966915688366
36060,Oras Saveni,146.08256201406886
44257,Tudor Vladimirescu,5753.370132844709
77028,Priponesti,0.0
150766,Vadu Moldovei,3147.6180981595094
11502,Olari,9121.77666999003
19695,Valea Iasului,0.0
117998,Lunca,194.41997593261132
101617,Buturugeni,0.0
134390,Plopu,32.548278757346765
158966,Topolovatu Mare,3903.1407173827356
85243,Ocland,421.12462462462463
93441,Dorobantu,5192.8890464374335
109826,Simian,26.45222805993384
27908,Buduslau,3204.149275362319
167179,Zorleni,380.47501011736136
175368,Bolotesti,209.13418662262592
44300,Tufesti,17728.727812919304
60687,Oras Ovidiu,2714.3303457106276
11539,Paulis,3425.1391705069123
126228,Colonesti,0.0
68887,Selaru,600.2980404551201
142612,Sag,0.0
77082,Rediu,2798.499095840868
27935,Bulz,0.0
101662,Calugareni,1109.3533202076248
36131,Albesti,105.93283582089552
44328,Ulmu,1371.6178947368421
85289,Plaiesii De Jos,0.0
134443,Podenii Noi,27.08739461237919
118058,Lunca Bradului,50.76878612716763
93487,Dragalina,2062.630851792647
60721,Tuzla,862.3253689388615
167222,Ibanesti,0.0
68921,Tatarani,0.0
159035,Tormac,3568.737641242938
167231,Fruntiseni,0.0
11584,Oras Pecica,2705.881336731804
27971,Buntesti,1583.8490015705631
44355,Unirea,192.1616526273566
3397,Blandiana,100.21835443037975
77126,Scanteiesti,392.6981803797468
167240,Rafaila,0.0
175439,Bordesti,1.026508742244783
118094,Magherani,35.067059690493736
19793,Vedea,5.983942414174972
142676,Sanmihaiu Almasului,13.25
167259,Pogonesti,128.713058419244
52570,Dalboset,0.6563245823389021
85341,Praid,59.472761247664224
101724,Cascioarele,35.34958904109589
159071,Traian Vuia,369.63466915191054
77153,Schela,2410.236259442563
93539,Dragos Voda,35359.232081911265
109924,Oras Baia De Arama,0.0
167268,Ciocani,50.89707602339181
44391,Vadeni,7314.79064695905
60776,Oras Cernavoda,877.5014689964435
175466,Brosteni,0.0
150891,Valea Moldovei,0.0
36202,Avrameni,224.92476165936614
101742,Cernica,366.56359415804235
167277,Cozmesti,0.0
68976,Uliesti,58.78286129266522
142710,Somes-Odorhei,22.880086424198776
167286,Dodesti,1051.837973273942
11637,Peregu Mare,783.1538461538462
126326,Corbu,862.2135667396061
77180,Slobozia Conachi,689.2563694267516
167295,Feresti,0.0
60801,Oras Harsova,4821.407888878995
3459,Bucium,0.0
167302,Muntenii De Sus,253.35838957412147
93575,Facaeni,573.2025157232705
167311,Pochidia,0.0
11664,Petris,0.0
44435,Victoria,420.4920592193809
150935,Vama,208.74616254645338
175509,Chiojdeni,0.0
167320,Puscasi,0.0
134559,Poienarii Burchii,1619.6053338846393
93600,Gheorghe Doja,950.3423047763457
159142,Uivar,1494.887868852459
85412,Remetea,66.08654147104852
77224,Smardan,988.0531723143475
52650,Doclin,91.23195876288659
28077,Cabesti,0.0
101804,Chirnogi,99909.29181879648
126380,Coteana,110.17364203027604
44462,Visani,138.49313962873285
60847,Municipiul Medgidia,256.3172472129441
142774,Surduc,25.091371918542336
93628,Gheorghe Lazar,1481.5840172786177
101822,Chiselet,1640.4484210526316
118209,Mica,623.4126518642647
69063,Valea Lunga,60.750261889796775
150980,Vatra Moldovitei,13.224613315400134
126406,Crampoia,304.5836111111111
110027,Obarsia-Closani,4.584942084942085
36300,Baluseni,148.50848126232742
77260,Smulti,637.8751696065129
93646,Giurgeni,1699.358208955224
101840,Ciocanesti,0.0
60883,Adamclisi,4311.4350921273035
11735,Pilu,155.27485112230875
52696,Dognecea,0.0
44505,Viziru,5380.2197447332
85467,Sacel,0.0
126433,Curtisoara,938.9201670921327
93664,Gradistea,7926.842973480893
175590,Ciorasti,4641.628327308577
77288,Suceveni,164.92988313856426
28139,Capalna,118.24628879892038
151022,Veresti,7.499057619816909
110063,Municipiul Orsova,0.0
159213,Varias,4258.066342534505
52721,Domasnea,0.0
11762,Plescuta,0.0
44532,Zavoaia,1307.9760795278037
134648,Posesti,24.875533249686324
77313,Tudor Vladimirescu,0.0
142854,Samsud,540.6564885496183
118281,Oras Miercurea Nirajului,0.0
101902,Ciolpani,242.2305289869217
44560,Cazasu,709.0528158739422
60945,Albesti,6429.4071314529
77331,Tulucesti,2019.2895009050944
93717,Grindu,19073.887150308205
36373,Braesti,1676.1427221172023
52758,Ezeris,0.0
85528,Sarmas,1084.7312312312313
159259,Victor Vlad Delamarina,695.9197465681099
19999,Vladesti,0.0
28193,Carpinet,0.0
142881,Sarmasag,140.45709570957095
110116,Oras Strehaia,0.0
93735,Grivita,19214.34474753337
126503,Cungrea,0.0
151077,Vicovu De Jos,27.500153327200245
52785,Farliug,294.38412880966075
69170,Valea Mare,0.0
167473,Municipiul Ramnicu Valcea,82.41504813518245
175670,Campuri,0.0
151095,Oras Vicovu De Sus,0.0
77377,Tepu,1472.9909413154785
11842,Savarsin,3.885128205128205
101957,Ciorogarla,1527.293177521911
36426,Broscauti,440.5433228481556
93771,Independenta,103751.86886632825
61005,Aliman,879.9529085872576
85582,Secuieni,0.0
20048,Raca,193.53900709219857
151120,Volovat,0.0
28246,Cefa,2765.4405919661735
20055,Vulturesti,0.0
77402,Umbraresti,544.3501780334155
20063,Bughea De Sus,0.9993337774816788
101984,Clejani,1783.455919395466
134755,Predeal-Sarari,0.0
118370,Mihesu De Campie,270.1263494602159
36453,Oras Bucecea,790.0989294942783
159339,Voiteg,23293.315349226265
142952,Valcau De Jos,26.00308832612724
93815,Jegalia,1882.7536096879367
175732,Carligele,0.0
151157,Vulturesti,0.0
52856,Forotic,346.2315022421525
126585,Daneasa,1565.7294053464266
85626,Siculeni,0.0
69250,Vacaresti,2316.42194092827
159366,Birda,9358.067312348669
61069,Oras Baneasa,1360.7520562028787
159375,Checea,6043.1069920225245
102035,Clinceni,0.0
36499,Calarasi,0.0
110232,Oras Vanju Mare,496.58701563562204
93851,Lehliu,747.1118827160494
159384,Dudestii Noi,763.5856537530267
77475,Valea Marului,95.98590021691975
159393,Fibis,8124.9071729957805
11940,Secusigiu,1081.528474903475
175787,Corbita,534.6611842105264
159400,Ghilad,207.68521229868227
52909,Garnic,0.0
28335,Ceica,6.029337094499295
143021,Varsolt,63.74315514993481
3761,Cenade,218.21871820956255
85680,Sancraieni,2889.408934707904
36532,Concesti,14746.553146483342
69303,Valeni-Dambovita,26.65646518745218
102071,Colibasi,319.9013480392157
126647,Deveselu,0.0
159419,Gottlob,2090.538723082735
93888,Oras Lehliu Gara,4014.1637609894206
61121,Castelu,1409.63648100332
77509,Varlezi,2259.9825412221144
118469,Nades,9.921254587921254
159428,Iecea Mare,3599.0471593018938
134853,Provita De Jos,0.0
52936,Glimboca,47.399359316604375
151246,Zamostea,0.0
159437,Parta,1018.8826815642458
69330,Visina,0.0
126674,Dobretu,241.91214057507986
159446,Padureni,475.5920369301789
36569,Copalau,81.93315080994752
110296,Bala,1.6189104243059194
143067,Zalha,0.0
52954,Goruia,0.0
11995,Seleus,161.43321057917643
102106,Comana,657.6060427413412
167641,Oras Baile Govora,0.0
3805,Cergau,76.48341523341523
159455,Saravale,53.31978319783198
77536,Vladesti,259.1203104786546
93931,Lupsanu,3118.432457786116
159464,Sandra,2235.476559974135
118511,Neaua,0.0
61167,Cerchezu,2023.9227019498608
134899,Provita De Sus,0.0
159473,Tomnatic,6332.128367670364
77561,Radesti,0.0
159482,Valcani,522.4938980617372
52990,Gradinari,5277.560738581146
28415,Cetariu,481.36485239852396
126718,Dobrosloveni,427.18552036199094
3841,Ceru-Bacainti,0.0
85760,Sandominic,0.0
159491,Livezile,647.4711922418711
12037,Semlac,20632.597497639283
77579,Negrilesti,0.0
175885,Cotesti,639.1283894823337
102160,Corbeanca,532.9957844022885
159507,Pesac,0.0
44818,Municipiul Buzau,3045.664585513998
77587,Poiana,0.0
167696,Oras Baile Olanesti,0.0
69394,Visinesti,0.0
12055,Sintea Mare,1802.6781997918833
61210,Chirnogeni,10675.400235086689
77595,Cuza Voda,196.64362081254455
134942,Puchenii Mari,662.4135311572701
85788,Sanmartin,208.12369845897544
159516,Bucovat,432.6544502617801
53023,Iablanita,0.0
77601,Suhurlui,1064.1069182389938
159525,Otelec,10874.384573894282
36649,Cordareni,0.0
143147,Zimbor,0.0
93995,Mihail Kogalniceanu,4307.108536585366
44845,Municipiul Ramnicu Sarat,1315.5133527525518
118575,Ogra,42.6958174904943
151344,Zvoristea,54.68548123980424
126772,Dobroteasa,1094.5652985074628
12091,Oras Santana,1608.571373752878
44863,Amaru,19064.830024813895
175938,Dumbraveni,1577.1920322291853
36676,Corlateni,2831.961257976299
102213,Cornetu,0.0
69447,Varfuri,0.0
61256,Ciobanu,262.74475920679885
20297,Municipiul Bacau,1022.651290521985
53069,Lapusnicel,0.0
28497,Cherechiu,1042.5226998794697
85840,Sansimion,10.86279901017322
20313,Hemeius,298.6756168359942
94045,Milosesti,433.9651815799326
12126,Socodor,2925.6925779534477
102240,Cosereni,2871.5768471826354
61283,Ciocarlia,2457.029570747218
126825,Dobrun,2.5418060200668897
118637,Papiu Ilarian,0.0
175983,Dumitresti,4.761731304906792
135020,Rafov,128.65326167531504
53103,Lapusnicu Mare,0.0
12144,Sagu,2077.9139216157732
167794,Oras Brezoi,0.0
28530,Chislaz,309.97195083517175
85877,Subcetate,0.0
3958,Cetatea De Balta,197.52503937007873
110456,Balta,0.0
159614,Municipiul Tulcea,3126.1193243228186
94081,Movila,2836.160401002506
44934,Balta Alba,5276.961816720257
61318,Cobadin,3871.450152647647
20359,Letea Veche,554.3625959727655
53130,Luncavita,0.0
151433,Comanesti,1147.4678165755154
102286,Crevedia,41740.28267216212
151442,Iaslovat,63.55294117647059
36756,Corni,197.1819257506286
69526,Voinesti,22.939907038512615
151451,Ciocanesti,317.70925414364643
94107,Munteni-Buzau,4336.34074074074
159650,Oras Babadag,417.8855105105105
85920,Suseni,19.453856357779042
118691,Panet,0.49313052011776254
151460,Serbauti,2359.55684596577
4008,Ciuruleasa,0.0
94125,Alexandru Odobescu,6312.851973684211
12206,Seitin,3226.3274021352313
53167,Lupac,0.0
151479,Horodnic De Sus,0.0
126905,Fagetelu,0.0
20411,Magura,66.66973555337904
61372,Cogealac,1736.7931404072883
44989,Balaceanu,4737.274223034735
12224,Sepreus,2108.1148950808392
28610,Ciuhoi,528.7785588752197
151488,Fantana Mare,4.618244538137217
159687,Oras Isaccea,791.4234166510055
110535,Balacita,176.2336956521739
36809,Cotusca,838.6370640713707
45003,Beceni,0.0
151497,Cosna,0.0
102348,Crevedia Mare,13.94686089454247
151503,Capu Campului,151.43832864604258
94161,Perieti,5757.738700187216
12242,Sicula,320.95300444236614
53210,Marga,0.0
135128,Salcia,0.0
151512,Hantesti,0.0
118753,Pasareni,0.0
85984,Simonesti,179.84753932014206
151521,Burla,0.0
167909,Oras Calimanesti,81.72281810996951
135146,Salciile,5863.613340563991
151530,Balaceana,4.884565499351492
110571,Bacles,0.0
69615,Vulcana-Bai,0.0
159730,Oras Macin,5071.186576576577
20466,Margineni,45.73111629321708
77812,Municipiul Targu Jiu,202.52836809891937
28665,Ciumeghiu,2656.631338411317
135164,Scorteni,0.0
53247,Maureni,9119.460231135283
151549,Hartop,0.0
12288,Silindia,473.63085714285717
126978,Falcoiu,0.0
151558,Voitinel,0.0
4106,Calnic,0.0
61452,Comana,3258.225854383358
151567,Ciprian Porumbescu,6.088560885608856
94223,Perisoru,3940.315849056604
118799,Petelea,67.07300230187438
102419,Curcani,98.99250182882224
176150,Fitionesti,170.41977130210253
159767,Oras Sulina,0.0
53274,Mehadia,0.0
151576,Berchisesti,0.0
151585,Poieni-Solca,0.0
28709,Campani,57.23319502074689
118824,Pogaceaua,1481.2747035573123
127019,Farcasele,554.9251968503937
36907,Cristesti,243.41248989490703
159785,Baia,11317.766353095603
45101,Berca,1.3019643672910004
4142,Cricau,409.3162878787879
102446,Daia,2690.4657904909163
167981,Municipiul Dragasani,287.05327361097875
12340,Simand,1695.8669072862622
135226,Secaria,0.0
94269,Reviga,1036.4840764331211
102473,Dascalu,2942.3044081916
61513,Corbu,685.5704068658614
135244,Sangeru,71.23416922244272
53327,Mehadica,0.0
12368,Siria,1187.3078278101948
20563,Municipiul Onesti,436.9979102946485
176212,Garoafa,1677.1446211804102
77910,Balesti,60.27868410408521
36952,Cristinesti,5087.680770205219
143450,Municipiul Sibiu,336.2475158935719
127064,Ganeasa,380.2306406685237
28763,Cociuba Mare,1637.0764766131786
4188,Craciunelu De Jos,0.0
53345,Naidas,0.0
110688,Balvanesti,0.0
159847,Beidaud,17073.82427536232
94312,Roseti,8116.982258562172
168041,Oras Horezu,13.801452784503631
12402,Sistarovat,0.0
86133,Tulghes,0.0
61559,Crucea,4870.867895545315
94330,Salcioara,3433.2067585593595
53372,Obreja,2.8701223063482817
102525,Darasti-Ilfov,0.0
143487,Cristian,2629.2861912711664
20607,Gura Vaii,0.0
151683,Municipiul Turnu Magurele,596.3285133604318
159883,C.a. Rosetti,0.0
143502,Poplaca,36.55482093663912
102543,1 Decembrie,1089.0553892215569
4240,Daia Romana,191.36253968253968
28816,Copacel,0.0
135315,Starchiojd,0.0
118931,Rastolita,0.0
37011,Dersca,97.51748684617765
110740,Breznita-Motru,0.0
127126,Giuvarasti,314.5790849673203
151709,Ciuperceni,3761.1451612903224
143520,Rasinari,1.7486528767599514
12457,Taut,90.74594594594595
94376,Saveni,3741.9744608399546
127144,Gostavatu,1.8952879581151831
102570,Domnesti,100.22418670438472
4268,Dostat,8630.691691691693
86188,Tusnad,1695.0045126353791
176301,Gugesti,152.52532303579386
53425,Paltinis,0.0
61620,Cumpana,274.76327449187704
151736,Islaz,3070.7819108761328
45245,Bisoca,7.932466594438425
20670,Stefan Cel Mare,11.982689747003995
168130,Oras Ocnele Mari,0.0
37057,Dangeni,182.6584402764067
78016,Dragutesti,0.0
127171,Gradinari,1259.902963865205
143557,Selimbar,19.251594077596454
159945,Carcaliu,1094.366920782234
102605,Dragomiresti-Vale,539.0959296379627
4302,Farau,187.22735674676525
86222,Ulies,0.0
176338,Gura Calitei,0.0
151763,Lita,3767.2954458476847
118995,Raciu,1209.579134720701
28889,Cristioru De Jos,0.0
159963,Casimcea,0.0
94429,Scanteia,3554.7683586704457
12509,Tarnova,269.79251974850877
110820,Breznita-Ocol,0.0
61675,Deleni,3602.8979919678713
37100,Dobarceni,1583.433598183882
151790,Municipiul Alexandria,3138.53397909274
135404,Surani,328.08551576696954
102641,Dragoesti,36950.24307036247
53489,Coronini,54.41354903943377
94456,Sfantu Gheorghe,27799.68210197711
127224,Grojdibodu,819.1340941512126
143619,Municipiul Medias,164.66282184721962
135431,Sirna,312.65357730263156
78089,Turcinesti,180.46492890995262
53513,Pojejena,270.6952114645229
151816,Nanov,24968.657438478745
28941,Curatele,0.0
69900,Municipiul Craiova,816.1496963516438
4366,Galda De Jos,111386.96733212341
127251,Ianca,2600.5645816409424
45334,Blajani,1068.2171814671815
151834,Poroschia,917.2723666813574
110875,Brosteni,0.0
12572,Varadia De Mures,23.546587537091987
143646,Tarnava,0.0
94492,Stelnica,482.89209009952856
86311,Varsag,0.0
168229,Alunu,0.0
61737,Dobromir,2803.371469329529
20778,Oras Buhusi,261.92254534984164
160047,Ceatalchioi,0.0
102703,Dridu,7395.642706766917
45361,Boldu,3531.142794182459
37173,Draguseni,0.0
127288,Iancu Jianu,0.5564256103178259
78141,Municipiul Motru,3.3444323382000434
151870,Municipiul Rosiori De Vede,542.8757851518216
176445,Homocea,0.0
143682,Oras Agnita,127.10962079814539
86339,Voslabeni,0.0
94535,Suditi,2925.1020216267043
29001,Curtuiseni,770.6122907819135
53577,Prigor,0.0
45389,Bozioru,0.0
69964,Bucovat,477.0992788461538
135501,Soimari,0.0
20821,Oras Comanesti,1.423874641506297
127322,Icoana,3221.0373421197146
102749,Oras Fierbinti-Targ,1866.4372173163902
160092,Ceamurlia De Jos,10293.979258077383
86366,Zetea,96.93251329787235
37217,Durnesti,152.18791615289766
12643,Vinga,1552.6526361782696
94562,Stefan Cel Mare,4134.9604743083
110946,Burila Mare,272.1146527117031
151905,Oras Videle,1710.1402464938376
29038,Derna,0.0
61808,Garliciu,0.0
119153,Rusii-Munti,0.0
94580,Stefan Voda,7674.518644067796
143735,Oras Cisnadie,1466.358365658133
168309,Amarasti,0.0
176506,Jaristea,470.9073505081541
135547,Sotrile,0.0
160127,Cerna,3004.93411154345
151932,Crevenicu,0.0
4482,Garbova,21215.719679093912
61826,Ghindaresti,2351.2950879765394
53639,Ramna,5036.357276702061
127368,Izbiceni,4.694893341952166
102794,Floresti-Stoenesti,53.510056970119756
20876,Municipiul Moinesti,22.15100141614404
94606,Ulmu,7996.547252747253
12689,Varfurile,0.0
143771,Oras Copsa Mica,0.0
127386,Izvoarele,12.381670857781502
111006,Butoiesti,16.587311364336312
37280,Oras Flamanzi,23.420581093527588
29092,Diosig,780.3001273524834
176551,Jitia,0.0
86438,Madaras,2.470798038341507
119206,Saschiz,2042.5600877192983
151978,Oras Zimnicea,107219.50864357396
53675,Racasdia,5098.284637134779
4525,Garda De Sus,0.0
20910,Oras Slanic-Moldova,20.21532211259431
160172,Chilia Veche,14.652418976045091
61871,Independenta,12420.17560497057
86446,Cozmeni,1252.045575221239
127411,Leleasca,0.0
78258,Oras Novaci,233.1405978449774
86453,Tomesti,0.0
168372,Oras Babeni,1068.9122153649712
102838,Frasinet,1004.1774664331582
45496,Bradeanu,6586.693021379589
94651,Unirea,849.1345323741007
86461,Ciceu,7.266356810868788
143806,Oras Dumbraveni,751.95532527346
151996,Balaci,2759.606827545615
135618,Stefesti,0.0
53700,Eftimie Murgu,0.0
119242,Oras Sarmasu,543.3770879732739
37324,Frumusica,2668.9827755905512
86479,Leliceni,0.0
70094,Isalnita,92.73841554559043
86487,Porumbeni,0.0
86495,Racu,173.23306894447833
70110,Podari,1789.82915921288
53728,Rusca Montana,0.0
94688,Valea Ciorii,2978.278251599147
29154,Dobresti,0.0
45539,Braesti,0.0
160225,Ciucurova,5552.013820775746
86501,Satu Mare,0.0
135654,Talea,0.0
152038,Babaita,590.5290344361918
20965,Oras Targu Ocna,3.6743566316430636
176613,Maicanesti,1918.1688311688313
143851,Oras Ocna Sibiului,582.2456140350877
12778,Zabrani,662.0929021054916
86519,Santimbru,2.5319926873857406
78329,Oras Targu Carbunesti,68.08232862555977
111097,Cazanesti,0.0
53755,Sacu,522.2736907730673
102909,Fratesti,5594.841116173121
61951,Ion Corvin,0.0
135681,Tataru,0.0
127493,Maruntei,2163.782380833541
168452,Oras Balcesti,2530.5811226451365
160261,Crisan,0.0
94731,Valcelele,50715.16360505167
12812,Zarand,79.48378870673953
21007,Agas,4.269403463758819
152083,Blejesti,1456.5629880270692
143888,Altina,43.70972972972973
37397,George Enescu,848.7632063882064
53791,Sasca Montana,0.0
70174,Simnicu De Sus,486.5311496467566
102945,Frumusani,234.8307847082495
119331,Oras Sangeorgiu De Padure,0.0
176686,Mera,1496.1250900360144
135725,Teisani,0.0
143922,Apoldu De Jos,0.0
12849,Zerind,1043.3610533610533
94768,Vlad Tepes,15610.045540796964
127536,Mihaesti,6105.472751149048
45619,Breaza,38.42136279926335
160305,Daeni,1088.6075581395348
29243,Draganesti,211.0054533060668
152127,Bogdana,1926.5476297968398
160323,Dorobantu,0.0
62020,Istria,3895.332689335394
94795,Vladeni,2278.503216911765
127563,Milcov,410.88987083616587
12876,Zimandu Nou,5277.155306122449
37459,Gorbanesti,15.300509337860781
143959,Arpasu De Jos,264.945109078114
119386,Sanger,161.71796970937373
53853,Sichevita,0.0
4703,Hoparta,418.29908103592317
103014,Fundeni,2633.4627080336963
45673,Buda,0.0
62057,Lipnita,2531.2880989180835
21098,Ardeoani,138.06377858002406
168559,Barbatesti,53.58249556475458
152172,Botoroaga,1075.290923348363
176748,Milcovul,14.846664821477995
135789,Telega,0.0
12912,Dorobanti,697.9962709757614
111220,Ciresu,0.0
78454,Oras Ticleni,0.0
12920,Frumuseni,24.043037974683543
103032,Oras Fundulea,3607.734220251293
143995,Atel,0.0
160387,Frecatei,5908.575267343022
21123,Asau,0.0
127625,Morunglav,11.46062831497348
78472,Albeni,0.0
12938,Zadareni,1724.9957716701904
168602,Oras Berbesti,5.373429084380611
176793,Movilita,0.0
29341,Dragesti,0.0
86687,Municipiul Deva,222.65165493357557
4767,Horea,0.0
135850,Tinosu,1571.8721555647496
152234,Bragadiru,1100.8417770849571
111275,Corcova,600.3101068200493
37547,Havarna,71.26400515132002
119466,Sanpaul,282.3140720598233
160430,Greci,65.37407897222747
70316,Municipiul Bailesti,404.2169264588329
103087,Gaiseni,45.54420039934652
144054,Oras Avrig,1981.0960188847773
45753,Calvini,0.0
62137,Mereni,9746.825171995144
152252,Branceni,514.167927927928
127689,Movileni,854.6481049562682
160458,Grindu,0.0
21196,Balcani,0.0
152270,Bujoreni,7876.463510848126
78542,Alimpesti,0.0
70352,Municipiul Calafat,787.1860640707583
176855,Nanesti,3347.7881040892194
135896,Tomsani,4064.901791789521
29403,Finis,0.0
103130,Ganeasa,42056.895638629285
86749,Carjiti,0.0
160476,Hamcearca,1628.7297698589457
168675,Berislavesti,168.4254243409173
127714,Nicolae Titulescu,6484.872323552736
119527,Sanpetru De Campie,50.382093761015156
62191,Mihail Kogalniceanu,2130.7506309454475
37618,Hanesti,2771.175694128357
144116,Axente Sever,0.11592858798979828
45815,C.a. Rosetti,854.4728661030815
152314,Bujoru,3334.7784032753325
176891,Naruja,20.03097573567372
21249,Beresti-Bistrita,0.0
127750,Obarsia,233.61322188449847
78604,Aninoasa,0.0
152332,Buzescu,230.0075034106412
70414,Oras Filiasi,2.644666196648408
135949,Valea Calugareasca,393.42926471934805
160528,Horia,259.917695473251
144152,Bazna,1191.6169811320756
29467,Girisu De Cris,375.48899818793683
103194,Gaujani,8051.32044198895
86810,Municipiul Hunedoara,1.5609122362982808
152350,Calinesti,2002.4912726118691
119590,Solovastru,0.0
37672,Hiliseu-Horia,1149.6571349250416
54056,Slatina-Timis,0.0
62253,Mihai Viteazu,3420.398657718121
168755,Boisoara,0.0
176944,Nereju,0.0
160564,Izvoarele,5517.861358313818
111417,Corlatel,0.0
4927,Ighiu,809.367991845056
45888,Canesti,0.0
144198,Biertan,72.33171834625323
127812,Oboga,28.172189349112426
103238,Ghimpati,2390.056897759104
62280,Mircea Voda,389.7688011913626
119625,Stanceni,0.0
78668,Arcani,2921.9363416599517
29519,Hidiselu De Sus,355.3635486981678
95060,Municipiul Iasi,904.5558142863434
111444,Cujmir,1913.3453731343284
168791,Budesti,22.36016096579477
21338,Beresti-Tazlau,231.95522648083625
54109,Socol,0.0
152412,Calmatuiu,5525.357293868922
86883,Ghelari,0.0
37734,Hlipiceni,807.5846488840501
70502,Oras Segarcea,30287.284628799203
177003,Nistoresti,0.0
144232,Barghis,667.9539767649687
160617,Jijila,4819.72331386086
119661,Suplac,56.83894645941278
13169,Municipiul Pitesti,379.6855822582196
95088,Barnova,353.1365946632783
103283,Garbovi,351.9772492244054
127858,Oporelu,0.0
4981,Intregalde,0.0
78711,Baia De Fier,0.0
70520,Afumati,493.7103601930932
111480,Devesel,1631.689157435381
13187,Bascov,155.02109664544332
29573,Holod,868.5905830994699
160644,Jurilovca,845.837224383917
45959,Catina,0.0
37770,Hudesti,215.86596625278574
103309,Gogosari,1197.993851313583
152467,Calmatuiu De Sus,1945.2725606962895
54163,Sopotu Nou,0.0
62360,Oras Murfatlar,129.8783586573955
86936,Teliucu Inferior,0.0
127901,Optasi-Magura,0.0
78748,Balanesti,0.0
70566,Almaj,0.6565126050420168
136107,Valea Doftanei,243.42980884109917
21418,Berzunti,0.0
119723,Suseni,0.0
160680,Luncavita,1511.5047442721593
144303,Blajel,0.0
168880,Bujoreni,769.0563035495716
95159,Holboca,150.83205696627704
152500,Cervenia,1110.916638312351
103354,Gostinu,982.3303711447987
62397,Oras Negru Voda,3750.677670238507
37823,Ibanesti,0.0
111550,Darvari,3981.1093210586882
46019,Cernatesti,43.639903329752954
127938,Orlea,142.14018691588785
136134,Varbilau,11.96061618950734
119750,Saulia,9356.92628516004
103372,Gostinari,0.0
21454,Barsanesti,18327.322653989253
86990,Municipiul Petrosani,17.006131562507232
177101,Paltin,0.0
152528,Ciolanesti,2597.2840409956075
160724,Mahmudia,4464.0749363404875
37850,Leorda,397.13262910798124
13276,Bradu,935.1979517759917
29662,Husasau De Tinca,3512.9519519519517
144349,Brateiu,6754.042173158025
111587,Dumbrava,0.0
62440,Nicolae Balcescu,14153.480370774263
70637,Amarastii De Jos,866.9194991055456
78828,Barbatesti,0.0
103407,Gradinari,1775.3429007633588
127983,Osica De Sus,394.6349470184916
5103,Jidvei,29426.59446223394
13301,Oras Mioveni,0.0
152564,Contesti,2992.667081131489
119803,Sincai,0.0
144376,Bradeni,0.0
54270,Teregova,0.0
21506,Blagesti,125.93267093737744
168960,Bunesti,0.0
136198,Valcanesti,0.0
152582,Cosmesti,0.0
95239,Rediu,15.4565252988374
160779,Maliuc,13877.2993697479
70673,Amarastii De Sus,0.0
87059,Municipiul Lupeni,8.898808210108143
103443,Gradistea,2270.876157037983
62486,Oltina,5563.793103448276
37912,Lunca,223.83794285714285
78873,Bengesti-Ciocadia,343.32058006788026
144410,Bruiu,3320.9838187702267
29724,Ineu,0.0
46108,Chiliile,1367.0705467372134
54305,Ticvaniu Mare,0.0
87077,Oras Petrila,16.352686032630324
152617,Crangeni,518.5249287749288
5167,Livezile,0.0
103470,Greaca,1201.259965337955
119858,Taureni,0.0
136241,Cocorastii Colt,21.71098459477562
13365,Maracineni,19.960190476190476
128052,Perieti,775.0658536585366
21560,Bogdanesti,53903.70243902439
136250,Olari,2345.776033490319
95293,Tomesti,1231.865662002153
160831,Mihai Bravu,17670.121290801188
29760,Lazuri De Beius,44.39873417721519
111685,Floresti,0.0
37958,Manoleasa,6912.338127384796
70726,Apele Vii,1730.0173661360348
62538,Ostrov,9132.152135054617
144456,Chirpar,1748.279203771608
169039,Cernisoara,0.0
54350,Tarnova,0.0
78926,Berlesti,0.0
136269,Vadu Sapat,230.81633835457706
13392,Oras Stefanesti,136.56464102900642
136278,Batrani,7.266919072408897
152662,Crangu,1331.647462277092
177236,Paunesti,520.8175914994097
119894,Oras Ungheni,2446.364082824529
103513,Gruiu,395.90119324796274
70744,Argetoaia,43.17263203841117
5210,Lopadea Noua,1369.738586156112
21597,Brusturoasa,0.0
87139,Oras Uricani,0.0
46180,Chiojdu,0.0
128105,Oras Piatra-Olt,148.36620574380794
177263,Poiana Cristei,4.976559682654165
160877,Mihail Kogalniceanu,13697.891086096744
54387,Toplet,0.0
29813,Lazareni,0.0
95355,Oras Harlau,1347.8537291817524
144508,Carta,0.0
87175,Municipiul Vulcan,16.082895827576678
54412,Turnu Ruieni,0.0
160911,Murighiol,3884.1787535410763
103568,Gurbanesti,10779.596638655463
62609,Pantelimon,1607.3709940249864
144535,Cartisoara,763.2326807228916
152724,Didesti,940.7815333882935
79004,Balteni,0.0
169119,Caineni,0.0
95391,Municipiul Pascani,809.239886591522
21668,Buhoci,11.712792723050125
111783,Garla Mare,0.0
119974,Valea Larga,0.0
46251,Cilibia,10472.33688131985
144553,Darlos,344.1037577117218
38063,Mihai Eminescu,1660.4391574673266
13490,Municipiul Campulung,8.426681098633473
87219,Oras Aninoasa,0.0
128178,Parscoveni,0.0
152760,Dobrotesti,204.17709270927094
5309,Lunca Muresului,510.8325490196078
177352,Pufesti,493.7058004640371
111818,Godeanu,0.0
29902,Lugasu De Jos,38.51656173008486
87246,Banita,0.0
62672,Pecineaga,9344.148624926858
13524,Valea Mare Pravat,23.81790556334736
54485,Valiug,0.0
144599,Gura Raului,0.0
103639,Hotarele,1130.501838755304
5336,Lupsa,0.0
21720,Casin,4180.78161209068
128221,Plesoiu,208.5915147265077
169182,Copaceni,132.53458213256485
70879,Oras Bechet,0.0
152797,Dracsenei,185.543404735062
160993,Nalbant,1292.2446397188048
54500,Varadia,365.5601688951443
79077,Bolbosi,0.0
144615,Hoghilag,0.0
46313,Cislau,0.0
95471,Oras Targu Frumos,3812.5521140272735
70897,Bistret,12030.477525486562
62707,Pestera,6762.551066217733
111863,Gogosu,1519.4728260869565
87291,Municipiul Brad,0.10039530651942022
29948,Lunca,0.0
21757,Caiuti,0.0
177405,Racoasa,12.123745819397993
54537,Vermes,0.0
144651,Iacobeni,656.5437182930468
161035,Niculitel,644.1853608247422
95499,Ion Neculce,12743.670846933517
103693,Iepuresti,2760.6352331606217
120076,Vargata,0.0
38161,Mihaileni,435.1387218045113
70940,Barca,1578.0763956904996
161053,Nufaru,115.89850746268657
136483,Municipiul Satu Mare,1459.232881853786
152868,Draganesti De Vede,2915.040356640075
169253,Costesti,1.0166872682323858
46377,Cochirleanca,323.77579941860466
62761,Poarta Alba,1183.2877199218055
128301,Poboru,1336.240263024785
54573,Vrani,415.9649272882806
111916,Greci,222.78264395782645
79157,Borascu,3659.8967375037414
13622,Municipiul Curtea De Arges,12.361733305421813
70968,Botosesti-Paia,0.0
30014,Madaras,5939.307857142857
177469,Reghiu,323.4553950722175
87362,Criscior,0.01026167265264238
152902,Draganesti-Vlasca,14549.47292764734
70986,Brabova,646.1619771863118
120138,Vatava,0.0
144713,Jina,0.0
136526,Municipiul Carei,1899.9689850006098
62798,Rasova,628.2303946694003
161106,Ostrov,1948.3582302568982
103764,Ileana,11364.852768326631
169306,Creteni,117.14080071974809
54617,Zavoi,0.0
144731,Laslea,74.02916567057136
21855,Cleja,7.957840545429248
38241,Mihalaseni,286.90482398956976
13668,Oras Costesti,5492.564555534674
46439,Colti,1814.6456542502387
62823,Saraiu,6753.278651685393
136553,Capleni,0.0
120174,Vetca,4.272151898734177
161133,Pardina,0.0
111989,Grozesti,0.0
30069,Magesti,0.0
152948,Furculesti,5549.783568904593
128374,Oras Potcoava,52.842195247050775
95612,Alexandru I. Cuza,0.0
161151,Peceneaga,5551.914110429448
87424,Oras Calan,109.59080700703699
21891,Colonesti,0.0
79237,Branesti,0.0
169351,Daesti,119.56143790849673
71055,Bradesti,1755.1742996887506
46484,Costesti,959.4504540867811
136599,Oras Negresti-Oas,1370.7040743811442
177557,Ruginesti,52.42039106145251
144795,Loamnes,200.72465753424657
161179,Sarichioi,3631.8332117320883
120218,Viisoara,0.0
62878,Sacele,2547.7635078969242
112030,Gruia,377.17811370358197
152993,Frumoasa,1414.754509018036
54699,Zorlentu Mare,402.2350230414747
38321,Mileanca,92.0453074433657
95667,Andrieseni,5280.3263920325935
128436,Priseaca,144.7702786377709
62903,Seimeni,137.04796055580456
103862,Ion Roata,195.10373333333334
13757,Oras Topoloveni,52.5987922449412
169404,Danicei,327.28005865102637
120254,Vanatori,112.17781365313652
136642,Oras Tasnad,32156.964930701386
153026,Galateni,3096.771449704142
177600,Sihlea,1094.296907216495
30149,Nojorid,3905.6353837576657
5577,Metes,0.0
79308,Oras Bumbesti-Jiu,926.7553528945282
112076,Hinova,0.0
161231,Sfantu Gheorghe,0.0
21971,Corbasca,0.0
71126,Bralostita,0.0
128472,Radomiresti,5865.358641975308
46554,Cozieni,0.0
103899,Izvoarele,2443.012849800114
144866,Ludos,0.0
153062,Gratia,0.0
62949,Silistea,482.8439763001975
38376,Mitoc,0.0
161259,Slava Cercheza,540.9181016379672
177655,Slobozia Bradului,11.523839476663731
13819,Albestii De Arges,68.46838368829454
120316,Voivodeni,123.64483906770255
144893,Marpod,10204.035522066739
112129,Husnicioara,202.8984375
95747,Aroneanu,776.2051416579224
79362,Bumbesti-Pitic,0.0
161286,Smardan,5144.096270598438
62985,Targusor,121.35892857142858
136713,Acas,1109.0344484928785
128524,Redea,6215.704748304177
153106,Izvoarele,1307.1577222449816
161302,Somova,972.1459227467811
30229,Olcea,401.9490054249548
120343,Zagar,0.0
87576,Oras Hateg,156.53418372028997
103960,Jilavele,727.9057803468208
71199,Bratovoesti,191.5029808597427
144928,Oras Miercurea Sibiului,493.9499376817615
153124,Lisa,4804.060272767268
22059,Cotofanesti,0.0
79406,Bustuchin,0.0
95792,Baltati,730.6591394025604
128560,Rotunda,241.62040072859745
120370,Zau De Campie,1121.4325134973005
38456,Nicseni,21.034264432029794
103997,Joita,332.2842465753425
177726,Slobozia Ciorasti,30079.86517943744
153151,Lunca,0.0
30274,Osorhei,898.5356041697254
136768,Andrid,3553.0817469204926
13891,Albestii De Muscel,240.40787801778907
5700,Mihalt,132.1893870082342
63045,Topalu,961.9003303964757
144964,Merghindeal,0.0
161348,Stejaru,30398.406447534766
169547,Dragoesti,193.0358565737052
128588,Rusanesti,3254.321270137754
87638,Municipiul Orastie,107.98260908044959
38492,Paltinis,609.5791366906475
71260,Breasta,96.34768053562888
144991,Micasasa,0.0
22111,Damienesti,2363.474742268041
63072,Topraisar,3401.067615658363
136802,Apa,0.0
177762,Soveja,0.0
128613,Scarisoara,608.1842775302355
161384,Topolog,2423.9997869166846
169583,Fauresti,0.0
104047,Letca Noua,665.2072204285295
13935,Albota,406.3061847798422
87665,Oras Simeria,11.412410329985653
112245,Eselnita,0.0
153204,Mavrodin,1655.1122490782466
5755,Miraslau,0.0
30336,Pietroasa,0.0
95872,Belcesti,2106.911412193851
177799,Straoane,82.2542234332425
112263,Ilovat,0.0
79497,Capreni,0.0
38544,Pomarla,0.0
145042,Mihaileni,0.0
104083,Luica,0.0
128659,Schitu,110.23161485974222
136848,Oras Ardud,15767.29164991288
63125,Valu Lui Traian,3169.570302947969
22166,Oras Darmanesti,0.0
153240,Magura,4128.42442293373
120478,Chibed,7.707509881422925
120487,Corunca,9.645490454246215
71340,Bulzesti,590.8429985855728
13999,Aninoasa,0.0
63152,Lumina,3294.474507586467
177842,Suraia,184.1014043109079
46769,Galbinasi,1170.585794655415
120496,Sarateni,21.464959568733153
38580,Prajeni,0.0
104118,Mihai Bravu,927.0644634842921
120502,Madaras,0.0
63161,Dumbraveni,450.1797153024911
161464,Turcoaia,704.3049236970919
120511,Bereni,0.0
54975,Municipiul Cluj-Napoca,200.82533952956672
153277,Maldaeni,1021.6852334676464
87745,Baia De Cris,3.118405627198124
5826,Mogos,0.0
63170,Vulturu,29229.20160213618
95943,Bivolari,24723.14552583026
128711,Oras Scornicesti,1661.5663628831815
161482,Valea Nucarilor,2334.610969025291
104136,Oras Mihailesti,7836.278238001315
153295,Mereni,2047.1031829310948
112334,Ilovita,0.0
30416,Pocola,0.0
145104,Mosna,126.89293419633225
46803,Gheraseni,4090.9586388970374
169681,Fartatesti,3.72863413374645
63189,Tortoman,4240.685194805194
136919,Batarci,0.0
177879,Tanasoaia,102.63308687615528
22237,Dealu Morii,769.7044491525423
63198,Amzacea,3309.9631966351208
55008,Municipiul Dej,163.99358744164573
79585,Catunele,0.0
14049,Arefu,0.0
38633,Radauti-Prut,1925.8253968253969
46830,Ghergheasa,2286.278386672512
112370,Isverna,0.0
104181,Manastirea,556.096036036036
145140,Nocrich,0.0
161525,I.c.bratianu,0.0
153339,Marzanesti,4811.443635382956
96003,Ungheni,0.0
14085,Babana,0.0
161543,Vacareni,1269.432882882883
30470,Pomezeu,5.848928571428571
136964,Beltiug,1099.6040697674418
161552,Bestepe,1276.7799671592775
46867,Glodeanu Sarat,1446.1890042472864
55062,Cuzdrioara,21.098563314400266
38679,Rauseni,539.9021818181818
161561,Valea Teilor,721.8218277449047
71457,Calopar,437.8888318356868
104225,Marsa,244.31064446053585
87843,Balsa,0.0
79656,Ciuperceni,0.0
153384,Mosteni,193.09623149394346
63278,Horia,16153.351236146633
145202,Orlat,0.0
104243,Moara Vlasiei,1361.2731241914619
63286,Costinesti,573.5531378114159
153400,Nasturelu,1817.4969856819894
96058,Braesti,104.91378773731715
46910,Glodeanu-Silistea,17112.425980261403
63294,Baraganu,3948.372905027933
177986,Tataranu,2916.00108577633
55106,Jichisu De Jos,0.0
63300,Cuza Voda,99.45427458170984
145220,Pauca,387.9565425023878
137032,Berveni,196.4799131378936
38731,Ripiceni,5638.016393442623
104270,Movilita,61.66549295774648
112469,Izvoru Barzii,0.0
14165,Baiculesti,4550.608019639934
63318,Saligny,55.72317126587823
63326,Gradina,96.92560553633218
71518,Caraula,0.0
153437,Necsesti,0.0
128864,Seaca,0.0
63334,Fantanele,1984.8321078431372
30568,Popesti,5.107996496058066
22380,Dofteana,0.0
96110,Butea,3535.8677934707107
137069,Bixad,23.041992316863162
71536,Carpen,0.0
128882,Samburesti,0.0
55160,Mica,26.50470132743363
79736,Calnic,0.0
145275,Poiana Sibiului,0.0
178046,Tamboesti,72.61922141119221
104323,Nana,2138.8735966735967
153473,Olteni,0.0
137103,Barsau,0.0
145293,Porumbacu De Jos,0.0
96147,Ceplenita,0.0
104341,Nicolae Balcescu,1871.921942224954
71572,Castranova,401.6959354638536
120726,Municipiul Piatra-Neamt,515.8307430938987
38811,Roma,648.3425898859982
47006,Grebanu,0.0
6048,Noslac,52.19427627958173
153507,Orbeasca,1592.6639125799575
63394,Municipiul Sfantu Gheorghe,250.04894192082065
112548,Jiana,0.0
137130,Bogdand,401.5488958990536
169896,Francesti,40345.41009345795
71607,Calarasi,114.16491525423729
30648,Rabagani,0.0
22460,Faraoani,230.01690343463406
87996,Baru,0.0
14272,Balilesti,0.0
38848,Romanesti,2232.1442762535476
96192,Ciortesti,4.029955534753101
104387,Niculesti,326.98057354301574
120771,Dumbrava Rosie,936.3714422961451
128962,Spineni,113.397583081571
153543,Peretu,1631.608756665731
178117,Tulnici,0.0
145355,Racovita,0.0
71634,Celaru,331.1004957187923
63447,Oras Baraolt,32.22709801409353
22488,Filipeni,0.0
112600,Livezile,229.92617908407382
55259,Municipiul Turda,226.8910901449225
79834,Crasna,0.612619971411068
153561,Piatra,794.1317556763671
137185,Botiz,1519.8934618390206
104421,Nuci,2200.709574468085
145382,Rau Sadului,0.0
6119,Ocolis,0.0
47079,Gura Teghii,0.0
38893,Santa Mare,3.146860588861298
55277,Mihai Viteazu,14830.580845556515
88047,Bacia,1256.9316702819956
153589,Pietrosani,1097.6856319769536
120824,Savinesti,1322.8231041605193
30719,Remetea,0.0
96254,Ciurea,423.18467908902693
161794,Municipiul Barlad,1102.120066917149
145408,Rosia,11.049558135505112
178180,Tifesti,2722.899302865995
153605,Plosca,218.2920292377306
169994,Galicea,51.32630757220921
55311,Sandulesti,10.95617529880478
137229,Calinesti-Oas,0.0
14352,Beleti-Negresti,0.0
129040,Sprancenata,1212.0739393939393
71698,Cerat,192.22498208741342
6164,Ohaba,0.0
153623,Plopii-Slavitesti,1503.3870578778135
112664,Malovat,0.0
88092,Baita,19.712650257584432
120860,Municipiul Roman,1087.9774690092866
104485,Ogrezeni,68.19088016967126
63526,Oras Covasna,1513.6649916247907
161829,Municipiul Husi,1608.3916633896972
71723,Cernatesti,139.97648376259798
22576,Filipesti,2155.009826960051
30773,Rieni,0.0
47159,Largu,106.98785942492013
137274,Camarzana,0.0
120888,Cordun,660.499180637842
55357,Municipiul Campia Turzii,370.0489088212444
79932,Cruset,0.0
145471,Sadu,44.781397174254316
63553,Comandau,0.0
161856,Oras Negresti,520.3487439105932
14405,Berevoesti,0.0
38982,Suharau,194.19094946077394
104519,Oinacu,1418.2640994542146
129095,Stoenesti,1625.1376186367559
6217,Pianu,5874.230960952645
137292,Cauas,59.76732283464567
96334,Coarnele Caprei,0.0
47186,Lopatari,0.0
129111,Stoicanesti,1702.5103092783504
55384,Municipiul Gherla,187.95207571520757
145499,Oras Saliste,37.55952180501768
120922,Horia,3778.1693394944277
63580,Oras Intorsura Buzaului,0.0
153696,Poeni,288.00237529691213
104546,Peris,221.27528632537602
178279,Urechesti,281.94796215429403
112744,Obarsia De Camp,0.0
71787,Cetate,1651.315269132186
14450,Barla,11204.927414128322
129139,Strejesti,6173.462148760331
96370,Comarna,23.70092296769613
170097,Ghioroiu,0.0
30844,Rosia,0.0
6271,Poiana Vadului,0.0
112771,Oprisor,0.0
71812,Cioroiasi,561.0822909809085
104582,Petrachioaia,8422.010278113665
22665,Gaiceana,115.95991706979959
120968,Oras Bicaz,0.0
39051,Sulita,1123.4730290456432
178313,Valea Sarii,0.0
63633,Barcani,0.0
137363,Cehal,10.27355623100304
55446,Oras Huedin,0.4114410299003322
30871,Sacadat,0.0
88216,Batrana,0.0
161945,Municipiul Vaslui,4903.673193492191
129184,Studina,1761.1664812754914
96423,Costuleni,0.0
112806,Padina,89.68573730862208
80043,Danciulesti,0.0
55473,Aghiresu,5.2677861246133455
153776,Vitanesti,2021.6772467902995
71858,Ciupercenii Noi,251.3054441260745
104635,Plataresti,0.0
170168,Glavile,0.0
137407,Certeze,0.0
22718,Ghimes-Faget,92.39429735234216
145603,Slimnic,243.01427115188582
30915,Oras Sacueni,2630.3915648403627
47300,Luciu,131.16742556917688
88261,Beriu,1211.8497500735077
63688,Sita Buzaului,0.0
178377,Vidra,1.9403794037940378
71885,Cosoveni,16339.931762545899
39122,Sendriceni,214.6300166231299
162014,Albesti,713.1866493843163
121055,Oras Targu Neamt,51.82867893734699
96478,Cotnari,187.92557323643655
129246,Serbanesti,10477.557732680196
137443,Craidorolt,7652.659413854351
71910,Cotofenii Din Dos,2519.918314703353
153829,Putineiu,14367.079387852702
47337,Magura,0.0
104680,Prundu,4272.384633403607
112879,Patulele,0.0
170220,Golesti,0.0
14584,Bogati,7.712825072238275
80123,Danesti,0.0
63740,Municipiul Targu Secuiesc,1194.4729549824958
6397,Ponor,923.9236111111111
22781,Garleni,0.0
39168,Oras Stefanesti,696.8671649396977
145667,Seica Mare,47.64453781512605
129282,Stefan Cel Mare,491.5090395480226
112904,Dubova,0.0
104715,Putineiu,17589.52255319149
153865,Radoiesti,2785.576885406464
30988,Salacea,2714.0549662487947
47373,Maracineni,230.3317481884058
71956,Daneti,0.0
121108,Agapia,0.0
162069,Alexandru Vlahuta,0.0
88350,Blajeni,0.0
63777,Aita Mare,0.0
137504,Crucisor,45.77144998126639
31011,Salard,615.557358826145
129317,Tatulesti,0.0
178475,Vintileasca,0.0
55598,Aiton,1811.857142857143
104751,Radovanu,837.9511656441717
22834,Glavanesti,413.1671103223898
39220,Stiubieni,0.0
153909,Rasmiresti,1088.9252669039147
47417,Margaritesti,0.0
63802,Batani,0.0
112959,Podeni,0.0
121153,Bahna,1899.1847548880703
6468,Posaga,274.51549295774646
72007,Oras Dabuleni,111.41630408012479
137540,Culciu,1357.975978861398
55623,Alunis,0.0
145738,Seica Mica,3020.6303291958984
96593,Cozmesti,0.0
14673,Boteni,4.6113627006998765
31057,Sambata,0.0
153936,Salcia,14590.348445110529
104788,Rasuceni,4920.01119242359
47453,Merei,5639.0215561789455
39266,Todireni,733.3127922971114
112995,Ponoarele,0.0
72034,Desa,0.0
129380,Teslui,34.37297077922078
145765,Sura Mare,23.612267250821468
162149,Arsura,70.91921664626683
170346,Gradistea,0.0
22898,Helegiu,0.0
178545,Vizantea-Livezi,103.19791414018918
72052,Diosti,588.427
153972,Saceni,803.1061588330632
80249,Dragotesti,0.0
63866,Belin,3.032332563510393
96637,Cristesti,0.0
104831,Roata De Jos,992.1231227504034
88449,Bosorod,23.461150353178606
145792,Sura Mica,2.627952755905512
14726,Botesti,0.0
55687,Apahida,1239.7557642324139
137611,Doba,670.2934091669455
162194,Banca,533.8560424512153
6547,Radesti,993.5267520723436
63893,Bodoc,0.0
31128,Sarbi,46.760721442885774
96664,Cucuteni,0.0
121242,Baltatesti,97.35989656793606
80285,Farcasesti,0.0
22941,Horgesti,137.24042248478338
154013,Scrioastea,158.61278680072184
39328,Trusesti,534.5979511143063
14753,Bradulet,0.0
145827,Oras Talmaciu,13.046511627906977
72098,Dobresti,816.2155388471178
178607,Vanatori,168.01050068482726
129460,Tia Mare,943.1237161531279
104886,Sarulesti,6845.175954069571
6592,Rametea,109.19790675547098
63937,Borosneu Mare,51.1062215477997
137675,Dorolt,157.23381382848765
96717,Dagata,0.0
170444,Gusoeni,85.87755102040816
121297,Bicaz-Chei,0.0
154068,Scurtu Mare,7229.322054380665
72150,Dragotesti,17.749182624941618
47578,Mihailesti,621.1946150212565
129503,Topana,0.0
39391,Tudora,12.631782197335394
55776,Aschileu,0.0
6627,Ramet,0.0
88546,Branisca,429.80393401015226
31208,Spinus,0.0
80365,Glogova,0.0
145907,Tilisca,0.0
39417,Ungureni,2049.023515404078
121340,Bicazu Ardelean,0.0
113153,Poroina Mare,297.2558853633572
137728,Foieni,1354.5953608247423
14851,Budeasa,1340.9200581395348
178689,Vartescoiu,1077.8471319581802
64005,Brates,0.0
23047,Huruiesti,0.0
145934,Turnu Rosu,0.0
47630,Manzalesti,0.0
104975,Schitu,195.3360655737705
137746,Gherta Mica,0.0
170514,Ionesti,17.495836307399475
162327,Bacani,129.3490627020039
154139,Seaca,99.05916911456147
72221,Dranic,8286.23705834018
31262,Suplacu De Barcau,0.0
55838,Baciu,298.70140558535235
129567,Traian,0.0
137764,Halmeu,88.81537598204265
64041,Bradut,52.776429130775256
80427,Godinesti,2.5204290091930543
121386,Bira,1345.9975136747887
145961,Valea Viilor,0.0
96815,Deleni,513.5385712926852
129585,Tufeni,13787.981071428572
154166,Sfintesti,412.0601374570447
113206,Pristol,2658.128364389234
178750,Vrancioaia,0.0
105026,Sinesti,6450.800662008091
88644,Bretea Romana,63.76661951909477
14922,Bughea De Jos,0.0
154184,Segarcea-Vale,2502.863994743758
145998,Vurpar,0.0
162381,Bacesti,0.0
113233,Prunisor,2.384375
72276,Farcas,0.0
23127,Izvoru Berheciului,0.0
14940,Buzoesti,2073.190981432361
129629,Urzica,0.0
146012,Alma,0.0
64096,Bretcu,0.0
31333,Simian,675.5795148247978
146021,Boita,0.0
6761,Rosia Montana,0.0
39532,Unteni,70.33066759388039
55918,Baisoara,476.3074307916464
137844,Hodod,25.887603305785124
154228,Silistea,27.601284796573875
170612,Lalosu,0.0
96888,Dobrovat,0.0
129656,Valea Mare,130.74689357104268
80506,Hurezani,67.35169491525424
121466,Bargauani,5776.682291666667
64130,Catalina,321.33028605131227
178821,Vulturu,1111.111008645533
96904,Dolhesti,64.9600988700565
31379,Sinteu,0.0
105106,Singureni,813.1883245382586
162452,Balteni,0.0
47774,Movila Banului,2957.9961375048283
23207,Lipova,1.9534737503929582
154282,Silistea-Gumesti,1278.2352231604343
137899,Homoroade,0.0
96940,Dumesti,9.333661030279197
80560,Ionesti,0.0
105142,Slobozia Moara,2426.0692041522493
129718,Vadastra,1674.0452586206898
39612,Vaculesti,33.55138821237214
31422,Soimi,291.8873072360617
72383,Galicea Mare,951.2638380882712
170685,Ladesti,0.0
162498,Berezeni,880.7857004080047
64194,Cernat,4525.03792761527
154308,Sarbeni,32.725035161744024
178885,Negrilesti,0.0
105160,Snagov,930.1789064593943
47818,Murgesti,0.0
178894,Ploscuteni,2.613374805598756
56014,Belis,0.0
129745,Vadastrita,0.0
88788,Buces,0.0
178901,Popesti,0.0
15064,Caldararu,2386.5073933248837
72409,Ghercesti,428.75586289837645
178910,Paulesti,0.0
129763,Valeni,1732.9631540162122
80613,Jupanesti,0.0
39658,Viisoara,0.0
137960,Lazuri,569.3299232736573
154344,Slobozia Mandra,0.0
47854,Naeni,531.541011235955
64238,Chichis,1.1161616161616161
97009,Erbiceni,1643.5030240193537
113395,Punghina,0.0
178929,Biliesti,174.40983606557376
178938,Gologanu,3683.0392220421395
23289,Livezi,54.69168900804289
162559,Blagesti,0.0
178947,Obrejita,242.769375
15108,Calinesti,0.24598978403082714
121607,Bodesti,258.37037810737417
105222,Sohatu,1099.3731011485736
64265,Dobarlau,7.322095671981777
39694,Varfu Campului,492.6964856230032
72463,Gighera,2107.097535577924
154380,Smardioasa,2189.6205191594563
178956,Rastoaca,0.04073319755600815
6930,Rosia De Secas,0.0
31510,Suncuius,0.0
178965,Spulber,0.0
129816,Verguleasa,64.68173663437388
56096,Bobalna,807.0060160427807
162595,Bogdana,9.718075262183838
80677,Lelesti,57.1635838150289
88868,Bucuresci,0.0
97063,Focuri,950.0
105259,Spantov,74.04056326187474
170792,Lapusata,0.0
47916,Oras Nehoiu,1.1040849090260436
154415,Stejaru,4059.386160714286
121652,Borca,23.48814525810324
138039,Oras Livada,2081.0302411115654
23350,Luizi-Calugara,327.87073307218805
39738,Vladeni,0.0
72506,Giubega,769.2622549019608
113466,Rogova,192.11271676300578
64318,Ghelinta,0.0
6976,Salciua,0.0
97090,Golaiesti,304.9872340425532
80711,Licurici,0.0
31565,Tarcea,5455.421761280932
105295,Stanesti,3051.0477634571644
72533,Giurgita,2073.0260695187167
113493,Salcia,0.0
146263,Municipiul Suceava,219.58624620712118
64345,Ghidfalau,1542.6490834268611
88920,Bulzestii De Sus,0.0
23387,Magiresti,0.0
154460,Suhaia,0.0
138084,Mediesu Aurit,1132.8166009060353
129898,Visina,6161.182833217027
146281,Ipotesti,252.6128141397404
113518,Stangaceaua,0.0
39792,Vlasinesti,3031.9615513206286
31609,Tarcaia,0.0
170872,Livezi,0.0
129914,Vitomiresti,0.0
80766,Logresti,0.0
15233,Cateasca,186.4351329572925
72579,Gangiova,960.0483257229832
154497,Storobaneasa,1142.2650142993327
7044,Salistea,84.54842820730671
105348,Stoenesti,1255.1460110386352
121732,Borlesti,2.7103390539974885
64390,Haghig,341.3966480446927
162693,Bogdanesti,98.15787896944278
56210,Bontida,18.616598360655736
48021,Odaile,0.0
146325,Mitocu Dragomirnei,0.0
23449,Manastirea Casin,0.0
154521,Talpa,610.6358288770053
39836,Vorniceni,18.01576931741383
72604,Gogosu,0.0
97189,Gorban,1138.4070680628272
31654,Tauteu,358.37110232762404
105384,Soldanu,2123.2272594325827
64425,Ilieni,0.0
138164,Micula,66.39342294767162
7099,Sasciori,65.08552734070727
179132,Municipiul Bucuresti,1367.334686976695
39872,Vorona,415.20322134138667
146370,Oras Salcea,280.0045762227095
72640,Goicea,61.56348293057154
129987,Valcele,0.0
89026,Bunila,0.0
121796,Botesti,297.3466512256321
23494,Motoseni,1111.4933564413634
113607,Svinita,0.0
56265,Borsa,411.6944243301955
105419,Stefanestii De Jos,383.5959834613113
170952,Lungesti,0.0
64461,Lemnia,0.0
80846,Matasari,0.0
15313,Cepari,0.1073345259391771
97241,Grajduri,0.0
113625,Sisesti,0.0
154585,Tatarastii De Jos,340.69459693730136
138208,Moftin,956.141749723145
31716,Tileagd,37.09574317635412
72677,Goiesti,93.88448844884489
162791,Bogdanita,62.73968253968254
130026,Vladila,3189.412019230769
105455,Tamadau Mare,719.5331734612311
64504,Malnas,0.0
89080,Burjuc,0.0
146432,Scheia,462.82460302974994
39942,Lozna,0.0
56327,Buza,0.0
48138,Padina,3727.3567080594107
80908,Musetesti,8.327760891590678
130062,Voineasa,0.0
171021,Malaia,0.0
121876,Bozieni,142.77766599597587
39959,Dimacheni,0.0
179221,Oras Bragadiru,0.0
7197,Scarisoara,0.0
39967,Candesti,202.47596382674917
56354,Caianu,45.519279128248115
113698,Sovarna,10277.938502673796
48165,Pardosi,0.0
39975,Cosula,0.0
97321,Gropnita,185.5317202714665
15402,Cetateni,490.6592420212766
138280,Odoreu,2725.899188092016
154665,Tatarastii De Sus,538.4970414201183
31789,Tinca,178.8619121694388
39983,Blandesti,0.0
179249,Chiajna,581.8581444262678
162871,Botesti,267.3163167938931
64568,Moacsa,0.0
171067,Mateesti,0.0
89151,Cerbal,0.0
105534,Tartasesti,4489.76455646737
146502,Municipiul Campulung Moldovenesc,56.50788768727056
113732,Tamna,0.0
130124,Vulpeni,6.709560489352062
121938,Brusturi,0.0
80980,Negomir,0.0
154709,Toporu,3713.87474012474
179285,Oras Chitila,235.35513272570023
15448,Cicanesti,0.0
64602,Ojdula,0.0
23644,Negri,292.2041095890411
171101,Maciuca,0.0
31841,Tulca,559.9663127059686
40035,Adaseni,0.0
48227,Panatau,218.85022755482004
105570,Tunari,2736.8403636363637
56425,Calarasi,0.0
146539,Municipiul Falticeni,133.06133746678478
179310,Dobroesti,1731.2183209543102
138351,Orasu Nou,0.0
162924,Bunesti-Averesti,1382.890854347008
72819,Grecesti,5747.8830373545625
154736,Traian,0.0
97394,Grozesti,807.0592255125284
64639,Ozun,242.5703544575725
154754,Trivalea-Mosteni,222.17355371900825
105605,Ulmeni,18047.017769002963
15493,Ciofrangeni,8.505747126436782
31878,Tetchea,18.809670465044658
56461,Calatele,0.0
179347,Glina,300.6445186834942
105623,Ulmi,93.82558452029025
89240,Certeju De Sus,654.4805537244562
146584,Oras Gura Humorului,14.080824645660067
97438,Halaucesti,286.28142076502735
23715,Nicolae Balcescu,108.59964289257019
154790,Troianul,165.87040887040888
122025,Ceahlau,0.0
31921,Uileacu De Beius,0.0
72882,Izvoare,45.125079365079365
7348,Sancel,51.399556048834626
179383,Jilava,1015.0226988554391
130231,Vulturesti,0.0
97465,Helesteni,1181.2094373865698
113849,Vanatori,0.0
163002,Codaesti,367.81002638522426
138431,Paulesti,2751.449355116079
15554,Ciomagesti,0.0
48325,Oras Patarlagele,0.0
81095,Pades,43.77683100020288
146628,Municipiul Radauti,440.80988352845577
56522,Camarasu,106.40446203670385
171209,Madulari,110.26976421636616
122061,Candesti,0.0
64719,Poian,0.0
154834,Tiganesti,10807.2269008182
179409,Oras Magurele,4521.604341534009
7384,Santimbru,1088.0099370652533
146655,Oras Siret,683.4386559802713
72926,Leu,396.90461933276305
154852,Vedea,389.2957988980716
113894,Vanjulet,0.0
31976,Vadu Crisului,12398.25753830944
97517,Horlesti,0.0
130286,Balteni,2130.6081582200245
105712,Valea Argovei,3575.9332524271845
163057,Coroiesti,17.08216619981326
23797,Oituz,2.5007887264696604
130295,Calui,6.19390402075227
56568,Capusu Mare,93.53504823151125
72953,Lipovu,1084.500460829493
130302,Gavanesti,0.0
64773,Reci,0.0
89348,Densus,2548.8216949152543
179463,Mogosoaia,5784.059102564102
40198,Municipiul Brasov,931.6453403447268
130311,Ghimpeteni,0.0
138501,Petresti,0.0
113929,Vladaia,0.0
171272,Maldaresti,58.588146659969865
97553,Ipatele,1490.5511208310552
130320,Gradinile,1144.2767552828902
72980,Macesu De Jos,1570.756289308176
122132,Costisa,414.9714204867006
7446,Sohodol,0.0
40214,Oras Ghimbav,554.7122783539645
146708,Oras Solca,0.0
32027,Oras Valea Lui Mihai,1288.1931602279924
179481,Oras Otopeni,3628.363455281854
154914,Viisoara,3455.1920803782505
81184,Pestisani,3.5732349841938884
130339,Gura Padinii,75.78990133488102
15652,Cocu,0.0
138538,Pir,1048.2214554579673
32045,Viisoara,479.99548532731376
130348,Ipotesti,0.0
40241,Municipiul Codlea,9313.413300114986
105776,Valea Dragului,1272.896828163123
73013,Macesu De Sus,4137.011137629276
130357,Osica De Jos,69.94987146529563
154932,Vartoape,554.125363372093
113974,Voloiac,0.0
179515,Oras Pantelimon,2734.4661007483523
64826,Sanzieni,1173.0397520837787
146744,Municipiul Vatra Dornei,24.036424997090656
23868,Oncesti,0.0
130366,Sarbii - Magura,1923.3681434599157
171325,Mihaesti,974.2043503995264
105794,Valea Macrisului,60.15745393634841
163137,Costesti,98.61930659415364
73031,Maglavit,1602.400126156434
130375,Visina Noua,245.8395845354876
97606,Lespezi,72.88874083944037
122187,Cracaoani,0.0
138574,Piscolt,7538.672698907956
179533,Oras Popesti Leordeni,2367.394633953872
130384,Soparlita,0.0
89428,Dobra,109.63230035756854
40278,Municipiul Fagaras,23.972868217054263
32090,Varciorog,0.0
56666,Caseiu,33.90888192267503
179551,Oras Voluntari,68.88863395258184
154978,Zambreasca,280.51347517730494
105829,Vasilati,0.0
48487,Pietroasele,12325.263349514564
64871,Turia,0.0
73068,Malu Mare,685.8881071266455
146799,Adancata,0.0
40303,Oras Predeal,0.0
81264,Plopsoru,0.0
154996,Nenciulesti,2682.4261603375526
138618,Pomi,1571.4701298701298
15741,Corbeni,30.099489795918366
179588,Copaceni,96.28197456993269
122249,Damuc,61.12316715542522
64906,Valea Crisului,2982.0876543209874
163208,Cretesti,18.384142936906755
23948,Orbeni,188.96466431095408
114060,Branistea,0.0
97679,Letcani,5.528454225810653
73102,Melinesti,290.44961045488816
105874,Varasti,25.413781455835164
179604,Poienile Izei,0.0
32153,Tamaseu,67.0625
114079,Vrata,0.0
179613,Sieu,0.0
32161,Paleu,215.36154949784793
179622,Grosii Tiblesului,0.0
138663,Sanislau,5025.833333333333
23975,Palanca,0.0
122285,Dobreni,775.1781959048146
48557,Parscov,219.14194577352472
179631,Treznea,310.1768115942029
64942,Valcele,360.9220238095238
146860,Arbore,0.0
40367,Oras Rasnov,652.0891335026813
32179,Sannicolau Roman,6670.050750220653
105909,Vedea,1942.2995966263293
163253,Danesti,734.585804132974
179640,Vulcana-Pandele,0.0
32187,Rosiori,458.47006285147205
97722,Lungani,15.648396777760228
32195,Gepiu,1720.4252563410685
56773,Catina,610.0053418803419
32201,Toboliu,201.24332061068702
179659,Negrilesti,0.0
155083,Beciu,3155.7484662576685
40394,Oras Rupea,55.77597665748095
171469,Milcoiu,0.0
105936,Vidra,936.7603856683728
15830,Corbi,0.0
155092,Beuca,574.6646525679758
89561,Oras Geoagiu,848.4279886484569
146904,Baia,24.135604542418168
179677,Camin,0.0
24034,Parava,9.858781994704325
179686,Dumitrita,100.59258123850398
64997,Varghis,0.0
81380,Polovragi,0.7732409770324462
130534,Municipiul Ploiesti,152.62589728013964
155109,Dracea,6865.185459026494
122347,Doljesti,235.03098039215686
138734,Santau,3746.942977420589
155118,Fantanele,5823.540557667934
179695,Simisna,0.0
97777,Madarjac,0.0
146931,Oras Milisauti,4.456824002927187
65011,Zagon,38.99270619038713
179702,Traian,567.6178010471205
105972,Vanatorii Mici,61.2465255505666
155127,Frasinet,1644.2937806873977
40438,Municipiul Sacele,623.0334729193821
130552,Barcanesti,1494.64071362277
179711,Vladeni,0.0
163324,Deleni,23.112984822934234
155136,Purani,0.0
81415,Prigoria,0.0
179720,Poiana Ilvei,0.0
155145,Saelele,0.0
56844,Ceanu Mare,278.25031830914185
138770,Sacaseni,1318.6971383147854
155154,Uda-Clocociov,0.0
40465,Oras Victoria,100.36752233404953
171539,Muereasca,0.0
97811,Mircesti,3963.646421370968
65048,Zabala,2534.811909650924
24089,Parincea,326.9534645870621
179739,Malu,3918.346678798908
122392,Dragomiresti,379.93143365983974
15901,Cosesti,0.0
73246,Mischii,1209.7456193353473
179748,Cosoba,0.0
48682,Podgoria,5070.8446662507795
40492,Oras Zarnesti,99.61655151697207
179757,Herasti,972.4041916167664
146995,Balcauti,2772.193436415273
163379,Delesti,0.0
179766,Isvoarele,0.0
130614,Berceni,314.97318908748827
138805,Sauca,1527.0462239583333
179775,Sabareni,1284.5533642691416
179784,Boranesti,2436.775123558484
65099,Valea Mare,0.0
40526,Apata,9.442535211267606
65105,Mereni,195.76024279210927
97875,Mironeasa,0.0
179793,Buesti,2063.646212847555
89687,Gurasada,4.146685472496474
7767,Stremt,521.7531262605889
81497,Rosia De Amaradia,0.0
65113,Arcus,0.0
179800,Maia,2.5208964264082376
122463,Dulcesti,218.13553530751707
147036,Bilca,0.0
40544,Beclean,1175.4166179052077
65121,Bixad,172.28281164195496
73317,Marsani,4.1493115318416525
48744,Oras Pogoanele,5090.262147491063
179819,Ograda,16177.487947658403
155243,Municipiul Timisoara,3289.31402719006
147054,Bogdanesti,0.0
171628,Nicolae Balcescu,0.0
15983,Cotmeana,0.0
65139,Micfalau,301.47138228941685
73335,Motatei,3442.485382570989
179828,Rosiori,0.0
130678,Blejoi,0.0
138869,Socond,0.0
24187,Pancesti,35.619584837545126
65147,Dalnic,3268.1147880041367
97919,Miroslava,140.5536363056919
179837,Coas,0.0
155261,Dumbravita,1013.0062030299415
7810,Sibot,1500.7284902597403
65154,Estelnic,0.0
147072,Boroaia,104.36691697955779
48771,Posta Calnau,29205.079251423922
179846,Coltau,0.0
32394,Municipiul Bistrita,466.32140448536103
179855,Gardani,0.0
114319,Municipiul Targu Mures,164.4868916599018
130712,Brazi,863.4414566501869
73371,Murgasi,67.5101437024514
179864,Oncesti,0.0
155289,Ghiroda,192.78586371787208
56988,Chinteni,325.8118843342866
163486,Dragomiresti,36.78298779306336
40606,Bod,1364.8242527029893
179873,Agris,325.4481464101361
179882,Ciumesti,0.0
81576,Runcu,0.0
138921,Supur,215.74809523809523
155314,Giroc,1045.5577682095443
179891,Raciu,0.0
114355,Cristesti,278.47236260265316
122551,Farcasa,0.0
7865,Sona,567.034965034965
40633,Bran,1982.4210922787195
147134,Bosanci,21.101988454137267
179908,Pietrari,0.0
89801,Harau,959.8903717826502
48842,Puiesti,3453.088734567901
179917,Rau Alb,0.0
114382,Sancraiu De Mures,659.5969405905372
24276,Pargaresti,0.0
179926,Rascaeti,1004.2421425409473
155350,Municipiul Lugoj,409.8371912772064
147161,Botosana,0.0
179935,Persinari,0.0
130785,Bucov,110.3984855233853
32483,Oras Beclean,111.34860154033238
179944,Runcu Salvei,0.0
40688,Budila,0.0
114417,Sangeorgiu De Mures,928.154650359996
179953,Ciceu- Mihaiesti,50.69875518672199
122613,Faurei,0.0
73460,Negoi,1336.0029239766081
179962,Galbinasi,210.6384489350082
81656,Samarinesti,0.0
57083,Chiuiesti,49.28260869565217
40704,Bunesti,38.997022701898025
89856,Ilia,263.63908546543274
179971,Colelia,169.97493517718237
98051,Miroslovesti,1223.770754507011
139009,Tarna Mare,0.0
16132,Cuca,212.4733587059943
147205,Breaza,4045.042314872433
7945,Spring,1529.5179467387109
155403,Oras Buzias,3374.81342570473
179980,Marculesti,4664.44959298685
24338,Parjol,0.0
114453,Santana De Mures,1772.870900209351
48922,Racoviteni,149.6745247148289
171806,Olanu,0.13801208865010073
179999,Moldoveni,16.892696122633
73503,Orodel,1921.967473524962
130847,Paulesti,755.2793222569502
32544,Oras Nasaud,3.3019059720457435
163618,Dranceni,1016.6167576648467
180000,Platonesti,1059.2344720496894
147241,Brodina,0.0
139054,Terebesti,2318.9736703528174
122668,Gheraesti,2011.028744999259
180019,Sarateni,7587.755378486056
65342,Municipiul Targoviste,287.59119261743535
180028,Porumbesti,0.0
40768,Cata,0.0
98113,Mogosesti,56.995492111194594
155458,Oras Deta,1278.2300444909708
180037,Boghis,0.0
48968,Ramnicelu,1153.0537173202615
57163,Ciucea,0.0
180046,Gura Ialomitei,634.0648112847884
130892,Targsoru Vechi,498.2064175308159
8014,Sugag,8.35633367662204
106318,Municipiul Baia Mare,434.4542485648796
122702,Girov,3240.481188500868
114514,Municipiul Sighisoara,131.5538686131387
180055,Crivat,228.78123480797277
32599,Oras Sangeorz-Bai,0.0
81754,Sacelu,0.0
73567,Ostroveni,0.0
139107,Tiream,1946.357525773196
180064,Barbulesti,16.70139481924281
65379,Aninoasa,82.66285622283046
89954,Lapugiu De Jos,348.73791170287313
163681,Duda-Epureni,0.0
155494,Oras Jimbolia,3617.6322125972692
171879,Orlesti,0.0
24427,Plopana,694.8403287349574
40820,Cincu,0.0
32633,Bistrita Bargaului,170.27442173815405
98168,Mogosesti-Siret,290.83411093831
180091,Racsa,6570.257794166946
106363,Grosi,101.53214285714286
49019,Robeasca,500.74680073126143
73594,Perisor,2099.6535714285715
65413,Doicesti,62.14742117352266
139143,Tarsolt,0.0
57225,Ciurila,741.8672142368241
155528,Oras Sannicolau Mare,3179.643600734844
130954,Oras Azuga,0.0
32660,Branistea,5.253164556962025
163734,Dumesti,0.0
49046,Rusetu,1495.5547730829421
65431,Razvad,269.26715295190337
155546,Balint,105.41536539662711
40857,Comana,0.0
81816,Saulesti,33.74478473146915
171931,Otesani,0.0
98202,Mosna,118.31723332846929
73629,Pielesti,239.65795266923502
147358,Oras Brosteni,0.0
16285,Davidesti,1.2861736334405145
8096,Oras Teius,340.81819390876444
139170,Turt,0.0
130981,Oras Baicoi,2311.285729264968
106407,Recea,30.90006499837504
114603,Albesti,41.98890701468189
98220,Motca,302.8596971355592
49073,Sageata,3576.4893216080404
32704,Budacu De Jos,0.0
73665,Piscu Vechi,509.1119592875318
40900,Cristian,276.43668993020935
81861,Scoarta,412.2421281216069
65477,Sotanga,353.7861600332825
155591,Banloc,10422.494125326371
16329,Dambovicioara,0.0
24524,Podu Turcului,448.3945007800312
139214,Turulung,597.4040590405904
122828,Garcina,0.0
163789,Epureni,0.0
98257,Movileni,4420.71776232617
90066,Lelese,0.0
171995,Pausesti,0.0
106461,Oras Tautii-Magheraus,0.0
65501,Ulmi,797.5159827703469
8158,Unirea,352.96608164070204
40928,Dumbravita,130.32865384615386
57314,Catcau,0.0
73709,Plenita,1926.9731833910034
16365,Darmanesti,21.90456081081081
139250,Urziceni,3435.206617150574
122864,Grinties,0.0
163832,Falciu,7783.224361218061
40955,Feldioara,7083.698678176423
131069,Oras Boldesti-Scaeni,26995.29705019838
98300,Oteleni,70.25165562913908
